rbr,kategorija,pitanje,ocekivani_odgovor,vanilla_odgovor,vanilla_vrijeme_sekunde,rag_odgovor,rag_vrijeme_sekunde,graph_rag_odgovor,graph_rag_vrijeme_sekunde,vanilla_rouge_l,vanilla_cosine,rag_rouge_l,rag_cosine,graph_rouge_l,graph_cosine,vanilla_bertscore,rag_bertscore,graph_bertscore
1,kompleksna_pitanja_vise_dokumenata,Opišite cjelokupnu proceduru transformacije novaka u razvrstanog pričuvnika kroz sve pravne akte koji reguliraju taj proces.,"Ustav RH propisuje vojnu obvezu kao dužnost svih sposobnih državljana, uz mogućnost prigovora savjesti iz vjerskih ili moralnih razloga, uz obvezu ispunjavanja drugih dužnosti određenih zakonom. Novačka obveza nastaje u kalendarskoj godini kad državljanin RH navršava 18 godina. Državljanin RH se uvodi u vojnu evidenciju i prolazi zdravstveni i psihološki pregled. Temeljno vojno osposobljavanje traje dva mjeseca. Plan upućivanja donosi ministar obrane do 15. prosinca za iduću godinu, a pojedinačna odluka 40 dana unaprijed. Ročnici se osposobljavaju za specijalnost 11A (strijelac) i polažu prisegu. Nakon temeljnog vojnog osposobljavanja ročnik automatski postaje razvrstani pričuvnik s dodijeljenim ratnim rasporedom i vojnostručnom specijalnošću. Može biti pozvan na vježbe u maksimalnom trajanju od 90 dana godišnje. Prigovor savjesti podnosi se pisanim zahtjevom nadležnom tijelu. Odobrava se osobama čija vojna služba nije spojiva s vjerskim uvjerenjima ili moralnim načelima. Umjesto vojnog osposobljavanja, obveznik ispunjava civilnu obvezu u trajanju određenom zakonom.","Transformacija novaka u razvrstani pričuvnik u Hrvatskoj regulirana je Zakonom o službi u Oružanim snagama Republike Hrvatske (ZSOŠ) te pripadajućim pravilnicima. Evo korak-po-korak procedure:  

1. **Raspored na odsluženje vojnog roka** – Prema članku 60. ZSOŠ, mladi ljudi raspoređeni su na odsluženje vojnog roka nakon završetka srednje škole ili po drugi put kad navrše 18 godina.  

2. **Proverba zdravstvenog stanja i sposobnosti** – Nakon dolaska u postrojbu, provodi se medicinska proverba kako bi se utvrdilo da li kandidat ispunjava fizičke i psihičke uvjete za služenje (članak 79. ZSOŠ).  

3. **Teorijsko i praktično osposobljavanje** – Vojnici prolaze osnovno vojno osposobljavanje prema Programu vojne osposobljenosti (članak 80. ZSOŠ), uključujući topografiju, taktiku, uporabu oružja itd.  

4. **Ocena sposobnosti i klasifikacija** – Na kraju osposobljavanja, zapovjednik postrojbe ocjenjuje sposobnost vojnika i daje preporuku za klasifikaciju (npr. ""odlično"", ""dobro"" itd.) (članak 81. ZSOŠ).  

5. **Deklariranje kao razvrstani pričuvnik** – Ako ispuni kriterije, vojnik postaje razvrstani pričuvnik i dobiva status pričuve (članak 82. ZSOŠ).  

6. **Registracija u sustavu pričuvnih snaga** – Ministarstvo obrane vodi evidenciju razvrstanih pričuvnika (članak 83. ZSOŠ).  

7. **Moguća pozivnica na dodatnu osposobljavanju** – Razvrstani pričuvnici mogu biti pozvani na dodatne tečajeve ovisno o potrebama vojske (članak 84. ZSOŠ).  

Nadležno tijelo za ovaj postupak je Glavno stožer Oružanih snaga RH, a detaljniji uputi nalaze se u Pravilniku o provedbi ZSOŠ.",63.7,"Transformacija novaka u razvrstanog pričuvnika regulirana je Zakonom o obrani 2025. Ovaj proces uključuje nekoliko ključnih koraka:

1. **Ocjena sposobnosti**  
   *(Članak 25. d, NN 136/25)*  
   - Kada dođe do promjene zdravstvenog stanja, nadležni područni odjel za poslove obrane upućuje razvrstanog pričuvnika na ocjenu sposobnosti.  
   - Ocjenu donosi nadležna liječnička komisija na temelju zdravstvene dokumentacije.  
   - Ako dokumentacija nije dovoljna, traži se dodatna dokumentacija.  
   - Rezultat se unosi u vojnu iskaznicu.

2. **Dodjela vojne stručne specijalnosti**  
   *(Članak 25. k, NN 136/25)*  
   - Prema utvrđenom zdravstvenom stanju i potrebama OSRH-a, može se odrediti drugi rod ili struka.

3. **Registracija u vojnu evidenciju**  
   *(Članak 21. h, NN 136/25)*  
   - Nakon ocjene sposobnosti, osoba se upisuje u evidenciju.  
   - Ako je ocijenjena nesposobnom, moguće je pozvati na reviziju.

4. **Suradnja s diplomatskim tijelima**  
   *(Članak 21. c, NN 136/25)*  
   - Novi koji borave u inozemstvu moraju se registrirati do 18. godine života.  
   - Oni izvan sustava mogu to učiniti do 29. godine.  
   - Potreban je certifikat države u kojoj je obveza izvršena.

5. **Programiranje osposobljavanja**  
   *(Članak 25. j, NN 136/25)*  
   - Nakon pozitivne ocjene, priključuje se na programe osposobljavanja.  
   - Termini se određuju prema potrebama OSRH-a.

6. **Upisivanje u pričuvni sustav**  
   *(Članak 25. r, NN 136/25)*  
   - Neispunjenje roka dovršetka osposobljavanja vraća osobu u status novaka.

Proces se temelji na koordinaciji između Ministarstva obrane, liječničkih komisija i diplomatskih predstavništava. Ključni dokumenti uključuju:  
- Vojnu iskaznicu  
- Evidenciju ročnika i pričuvnika *(Zakon o službi u OSRH 2025, Članak 32.)*  
- Pravilnike o zdravstvenim pregledima i osposobljavanju.  

Napomena: Postupak se primjenjuje isključivo na državljane RH i one s prebivalištem u zemlji. Inozemni državljani imaju poseban režim prema članku 21.",87.17,"Cjelokupna procedura transformacije novaka u razvrstanog pričuvnika regulirana je slijedećim pravnim aktima:  

1. **Zakon o službi u Oružanim snagama Republike Hrvatske** (članak 31):  
   - Novaci se popunom ratnog ustroja Oružanih snaga obračunavaju prema odredbama Zakona o obrani.  
   - Ugovorni pričuvnici se pozivaju i upućuju na službu u skladu s odredbama Zakona o obrani i ovog Zakona.  

2. **Zakon o obrani** (članak 21.a):  
   - Pri dolasku u Oružane snage, pričuvnici moraju ispunjavati uvjete iz članka 21.a, uključujući putovanje od prebivališta do mjesta službe i natrag.  

3. **Pravilnik o temeljnom vojnom osposobljavanju** (članak 2):  
   - Pojam ""ročnik"" uključuje i one koji se dragovoljno prijave za osposobljavanje, što može dovesti do klasifikacije kao pričuvnika.  

4. **Postupak prijave i evidencije kandidata** (Pravilnik o temeljnom vojnom osposobljavanju, članak 1):  
   - Kandidati se prijavljuju i evidentiraju prema propisanom postupku, što omogućuje njihov prijelaz u status pričuvnika nakon osposobljavanja.  

5. **Kriteriji za razvrstavanje u pričuvnike** (Zakon o obrani, članak 25.a):  
   - Vojni obveznik koji je odslužio temeljno osposobljavanje postaje razvrstan pričuvnik.  

6. **Mogućnost dragovoljnog osposobljavanja** (Zakon o obrani, članak 25.b):  
   - Oni koji su uspješno završili dragovoljno osposobljavanje također ulaze u sustav pričuvništva.  

7. **Dodatni uvjeti za razvrstavanje** (Zakon o obrani, članak 25.c-25.",63.14,0.11707317073170731,0.8762936592102051,0.08456659619450319,0.8701364398002625,0.0909090909090909,0.8736318945884705,0.6456645131111145,0.6370207071304321,0.6402046084403992
2,kompleksna_pitanja_vise_dokumenata,Kako je regulirana hijerarhija odlučivanja o uporabi Oružanih snaga u različitim situacijama kroz Ustav i Zakon o obrani?,"Hijerarhija odlučivanja o uporabi Oružanih snaga RH razlikuje šest situacija ovisno o razini ugroze. Ratno stanje — Predsjednik Republike naređuje uporabu i zapovijeda OS-om s punom ovlašću. Odgovoran je za obranu zemlje. Stanje neposredne ugroženosti — Predsjednik može narediti uporabu, ali odluka zahtijeva supotpis predsjednika Vlade. Prelazak granice — Sabor donosi odluku većinom svih zastupnika na prijedlog Vlade uz prethodnu suglasnost Predsjednika. Ako Predsjednik uskrati suglasnost, potrebna je dvotrećinska većina Sabora. Pomoć saveznicima — Sabor donosi odluku na prijedlog Vlade uz suglasnost Predsjednika. Vježbe i obuka — Vlada donosi odluku uz suglasnost Predsjednika. Za postrojbe do razine voda odluku donosi ministar obrane samostalno. Provedba — Načelnik Glavnog stožera ima ovlast punog zapovijedanja. Odgovoran je Predsjedniku za izvršavanje zapovijedi i naredbi, a ministru obrane za provedbu odluka.","Hierarhija odlučivanja o uporabi Oružanih snaga u Republici Hrvatskoj regulirana je Ustavom Republike Hrvatske (članak 97.) i Zakonom o obrani (članci 6., 8., 10.).  

**Prema Ustavu (čl. 97.):**  
- Predsjednik Republike Hrvatske vrhovni je zapovjednik Oružanih snaga.  
- Vlada RH ima ovlast donošenja odluka o upotrebi oružanih snaga u skladu s Ustavom i međunarodnim obvezama.  

**Prema Zakonu o obrani (članci 6.–10.):**  
- **Ministar obrane** donosi odluke o korištenju snaga pod vodstvom Vlade.  
- **Predsjednik RH** može rasporediti snage izvan granica samo uz suglasnost Sabora.  
- **Sabor RH** ima ulogu nadzora nad sigurnosnom politikom putem odbora za obranu.  

Nadležno tijelo za nadzor je **Državno tajništvo za nacionalnu sigurnost** (prema Pravilniku o unutarnjoj organizaciji).  

Napomena: Ova informacija temelji se na važećim propisima do 2024. godine. Za ažurirane podatke preporučuje se provjera najnovijih izmjena zakona.",35.84,"Prema Ustavu Republike Hrvatske (Članak 100.) i Zakonu o obrani (Članak 46.), hijerarhija odlučivanja o uporabi Oružanih snaga u različitim situacijama je sljedeća:  

1. **U ratu** – Prema Ustavu (Članak 100., stavak 5.) i Zakonu o obrani (Članak 47.), odluku o uporabi Oružanih snaga donosi Predsjednik Republike.  

2. **U stanju neposredne ugroženosti** – Prema Ustavu (Članak 100., stavak 5.) i Zakonu o obrani (Članci 48. i 63.), odluku donose Predsjednik Republike uz supotpis predsjednika Vlade.  

3. **U ostalim slučajevima** – Prema Zakonu o obrani (Članak 48., stavak 2.), odluku donosi Vlada ili ministar obrane.  

Detaljnije:  
- **Predsjednik Republike** ima najvišu nadležnost u donošenju odluka o uporabi Oružanih snaga (Ustav, Članak 100.).  
- **Vlada** i **ministar obrane** također sudjeluju u donošenju odluka, ovisno o situaciji (Zakon o obrani, Članak 48., stavak 2.).  
- **Stalni mehanizam provedbe** – Sve odluke se izvršavaju putem zapovijedi načelnika Glavnog stožera (Zakon o obrani, Članak 46., stavak 3.).  

Napomena: Ova struktura vrijedi osim u izvanrednim situacijama gdje Predsjednik Republike može djelovati autonomnije (npr. prema Ustavu, Članak 100., stavak 5.).",49.02,"Hierarhija odlučivanja o upotrebi Oružanih snaga u različitim situacijama regulirana je kroz **Ustav Republike Hrvatske** i **Zakon o obrani** kako slijedi:  

### **Prema Ustavu (Članak 7):**  
- **Glavna tijela koja odlučuju o upotrebi Oružanih snaga:**  
  - **Hrvatski sabor**, **Predsjednik Republike**, **predsjednik Vlade** i **ministar obrane** imaju pravo odlučivati o upotrebi Oružanih snaga u skladu s Ustavom i Zakonom o obrani.  
  - Za odluke o upotrebi Oružanih snaga potrebno je **višeinsko glasovanje svih zastupnika Hrvatskog sabora** (osim u izuzetim slučajevima kada je potrebna dvotrećinska većina).  

- **Provjera supsidijarnosti:**  
  - Ako Predsjednik Republike odbije suglasnost za uporabu Oružanih snaga, Hrvatski sabor donosi odluku **dvotrećinskom većinom**.  

### **Prema Zakonu o obrani (Članak 46 & 57–58):**  
- **Definiranje tijela koja donose odluke:**  
  - **Vlada** ili **ministar obrane** donose odluke o upotrebi Oružanih snaga (npr. u miru, ratu, izvanrednim situacijama).  
  - **Naredbe** se izvršavaju putem **zapovjedi načelnika Glavnog stožera**.  

- **Posebni slučajevi:**  
  - U slučaju napada na zračnu suverenost RH, upotreba Oružanih snaga regulirana je posebnim zakonom.  
  - U ratu, odluke donose isti akteri (Sabor, Predsjednik, Vlada, ministar obrane), ali s jasnijom procedurom.  

### **Izvješće:**  
Hierarhija je jasno definirana: **najviša odlučna vlast pripada Hrvatskom saboru**, a **izvedbene ovlasti** ima Vlada i ministar obrane, uz kontrolu predsjednika. U izvanrednim situacijama (npr. rat) procedura je detaljnije regulirana.",63.58,0.15884476534296027,0.907228946685791,0.17665615141955834,0.9197824597358704,0.1797752808988764,0.9099932909011841,0.6831191778182983,0.6791395545005798,0.6742340326309204
3,kompleksna_pitanja_vise_dokumenata,Objasnite sustav imenovanja i odgovornosti načelnika Glavnog stožera kroz sve relevantne propise.,"Položaj načelnika Glavnog stožera OS RH reguliran je kroz pet razina. Imenuje ga Predsjednik Republike na prijedlog Vlade, nakon pribavljenog mišljenja Odbora za obranu Sabora. Mandat traje četiri godine bez mogućnosti ponovnog imenovanja. Razrješuje ga Predsjednik Republike izravno ili na prijedlog Vlade, nakon mišljenja Odbora za obranu Sabora. Na čelu je Glavnog stožera i nadređen je svim stožerima, zapovjedništvima i postrojbama OS-a. Obnaša dužnost glavnog vojnog savjetnika Predsjedniku i ministru obrane. Ima ovlast punog zapovijedanja u OS-u. Djeluje na temelju zapovijedi Predsjednika, odluka ministra obrane i Zakona. Predsjedniku je odgovoran za provedbu zapovijedi i naredbi, a ministru obrane za provedbu odluka. Obvezan je istodobno izvještavati oba o uporabi Oružanih snaga.","Sustav imenovanja i odgovornosti **Načelnika Glavnog stožera OSRH** (Oružanih snaga Republike Hrvatske) reguliran je sljedećim propisima:  

### **Zakon o obrani (Narodne novine br. 97/02., 86/04., 127/06.)**  
- **Članak 10.**: Načelnika Glavnog stožera imenuje Predsjednik Republike Hrvatske na prijedlog Vlade, uz suglasnost Sabora.  
- **Članak 11.**: Načelnik Glavnog stožera vrši rukovodeću funkciju u OSRH i odgovoran je za provedbu odluka Predsjednika i Vlade.  

### **Zakon o službi u Oružanim snagama RH (Narodne novine br. 127/06.)**  
- **Članak 12.**: Načelnik Glavnog stožera ima najviši čin generala i izravno je podređen predsjedniku države kao vrhovnom zapovjedniku OSRH.  

### **Pravilnik o ustroju Glavnog stožera OSRH (NN 127/06.)**  
- Definisan je rad Načelnika kao strateškog voditelja vojne politike i operacija.  

### **Dodatne odgovornosti**  
- Nadzire planiranje i provedbu vojnih operacija.  
- Imenuje zapovjednike rodova i postrojbi po preporuci ministra obrane.  
- Predstavlja OSRH pred međunarodnim partnerima.  

Napomena: Ova informacija temelji se na važećim hrvatskim zakonima i pravilnicima do 2023. godine. Za ažurirane podatke preporučuje se provjera najnovijih izmjena.",50.02,"Sustav imenovanja i odgovornosti **načelnika Glavnog stožera** uređen je sljedećim propisima:

### **1. Imenovanje načelnika Glavnog stožera**  
- Prema **Članku 16. stavku 4. Zakona o obrani (2025.)**, **načelnik Glavnog stožera imenuje se na razdoblje od četiri godine i ne može biti ponovno imenovan**.  
- **Članak 123.** istog zakona navodi da osoba koja je na dužnosti načelnika Glavnog stožera na dan stupanja na snagu Zakona ostaje na dužnosti do isteka svog mandata.  
- **Propisivanje ustroja Glavnog stožera** vrši Predsjednik Republike na prijedlog načelnika Glavnog stožera i uz suglasnost ministra obrane (**Članak 16. stavak 5.**).  

### **2. Nadležnosti i odgovornosti načelnika Glavnog stožera**  
- Prema **Članku 70.** Zakona o obrani, načelnik Glavnog stožera ima **punu ovlast zapovijedanja u Oružanim snagama** temeljem odluka Predsjednika Republike i ministra obrane.  
- Dužan je **istodobno izvijestiti predsjednika i ministra** ako naredi privremeno stavljanje postrojbi u pripravnost zbog opasnosti (**Članak 70. stavak 4.**).  
- Prema **Članku 67.**, ministar obrane na prijedlog načelnika Glavnog stožera donosi odluke o opremanju, obuci i spremnosti dijelova Oružanih snaga.  
- Prema **Članku 75.**, načelnik Glavnog stožera odgovoran je za pripremu mobilizacije stožera, zapovjedništava i postrojbi.  

### **3. Pravni okvir i nadzor**  
- Iako Ustav (**Članak 103.**) ne spominje izravno načelnika Glavnog stožera, predviđa suradnju Predsjednika i Vlade u sigurnosnim pitanjima.  
- Prema **Članku 51.** Zakona o službi u Oružanim snagama, ministar obrane raspoređuje djelatne vojne osobe na ustrojbena mjesta, uključujući i one koje imenuje Predsjednik.  

### **Zaključak**  
Načelnik Glavnog stožera bira se na mandat od 4 godine, ima široke zapovjedne ovlasti potvrđene predsjednikom i ministrom obrane, ali ne može biti reizabran. Njegova djelokrug uključuje strateško upravljanje Oružanim snagama, mobilizaciju i koordinaciju s najvišim državnim tijelima.",75.36,"Sustav imenovanja i odgovornosti **Načelnika Glavnog stožera** Oružanih snaga Republike Hrvatske (HRZ) reguliran je Zakonom o obrani i drugim relevantnim propisima. Evo ključnih elemenata:

### **Imenovanje Načelnika Glavnog stožera**  
Prema **Članku 15. Zakona o obrani (2025.)**:  
- **Načelnik Glavnog stožera** imenuje se na razdoblje od **četiri godine** i ne može biti ponovno imenovan.  
- **Dužnost** traje do isteka mandata, ali ako je osoba već postavljena na tu poziciju prije stupanja na snagu ovog zakona, zadržava ju do isteka tog mandata (vidi **Članak 123.**).  
- **Predlog** za imenovanje daje načelnik Glavnog stožera, a **suglasnost** daje ministar obrane.  
- **Ustroj Glavnog stožera** određuje Predsjednik Republike na taj prijedlog.  

### **Odgovornosti Načelnika Glavnog stožera**  
Prema **Članku 70. Zakona o obrani (2025.)**:  
1. **Operativno zapovjedništvo** – Načelnik Glavnog stožera ima punu ovlast zapovjedanja u HRZ na temelju direktiva Predsjednika Republike, odluka ministra obrane i zakona.  
2. **Izvršavanje naredaba** – Dužan je izvesti naredbe Predsjednika i ministra obrane, a o njihovoj provedbi mora ih **istodobno obavijestiti**.  
3. **Privremena mobilizacija** – U slučaju opasnosti (katastrofe, velike nesreće), može naredio privremenu mobilizaciju dijelova snaga i mora o tome odmah izvijestiti predsjednika i ministra.  
4. **Reprezentativna uloga** – Radi kao glavni vojni savjetnik Predsjedniku i ministru obrane.  

### **Ostale važne odredbe**  
- Prema **Članku 15.**, Načelnik Glavnog stožera je **nadređen svim postrojbama** u HRZ.  
- Prema **Članku 9.",63.13,0.1941747572815534,0.9042604565620422,0.1651376146788991,0.9014879465103149,0.21487603305785125,0.8966255187988281,0.6812416315078735,0.6799576282501221,0.6722081899642944
4,kompleksna_pitanja_vise_dokumenata,Objasnite sve oblike obveza državljana u obrani prema Zakonu o obrani i Ustavu.,"Vojna obveza i obrana RH dužnost je svih sposobnih državljana, uz mogućnost prigovora savjesti. Vojna obveza nastaje u godini navršenja 18 godina. Prestaje s 55 godina za muškarce odnosno 50 godina za žene. Sastoji se od novačke obveze, temeljnog vojnog osposobljavanja ili civilne službe te služenja u pričuvi. Služenje u ugovornoj pričuvi - nakon dragovoljnog vojnog osposobljavanja ili temeljnog vojnog osposobljavanje. Osposobljavanje pričuve traje do 90 dana godišnje. Radna obveza nameće se pravnim osobama i državljanima RH. Aktivira se u ratnom stanju i stanju neposredne ugroženosti. Radna pomoć se može uvesti u ratnom stanju i stanju neposredne ugroženosti radi izvršenja zadaća nositelja obrambenih funkcija. Materijalna obveza podrazumijeva ustupanje objekata i materijalnih sredstava za potrebe obrambenih zadaća i osposobljavanja.","Prema **Zakonu o obrani** (Narodne novine broj 76/05) i **Ustavu Republike Hrvatske** (NN br. 123/2000), građani imaju sljedeće obveze u području obrane:  

1. **Građanska obaveza prema Zakonu o obrani (čl. 8–9):**  
   - Građani su dužni sudjelovati u obrani zemlje kroz:  
     - **Služenje vojnog roka** (građevinski rok) – određuje se Pravilnikom o vojnom roku (NN br. 123/05).  
     - **Mobilizaciju** – poziv na služenje u slučaju izvanrednih situacija (čl. 10).  
     - **Dobrovoljna vojna služba** – mogućnost dobrovoljnog angažmana (čl. 11).  

2. **Obveza prema Ustavu RH (čl. 14):**  
   - Svaki građanin ima pravo i dužnost braniti domovinu.  
   - Obrana zemlje uključuje i **alternativnu službu** za one koji iz vjerskih ili moralnih razloga ne mogu nositi oružje (čl. 14).  

3. **Nadležno tijelo:**  
   - Za provedbu zakona nadležno je **Ministarstvo obrane RH** (čl. 12 Zakona o obrani).  

Napomena: Ova informacija temelji se isključivo na hrvatskom zakonodavstvu. Dodatne specifikacije (npr. iznose naknada za alternativnu službu) zahtijevaju provjeru Pravilnika o vojnom roku.",46.72,"Prema **Zakonu o obrani** i **Ustavu Republike Hrvatske**, građani imaju različite oblike obveza u obrani:

### 1. **Vojna obveza**  
- Prema **Čl. 19.** Zakona o obrani, vojna obveza počinje kalendarskom godinom u kojoj građanin navrši 18 godina.  
- Građani su dužni proći osposobljavanje i sudjelovati u obrani (**Čl. 18., Stavak 1.**).  
- Dopušten je prigovor savjesti zbog vjerskih ili moralnih razloga (**Ustav, Čl. 47.**).  

### 2. **Radna obveza**  
- Prema **Čl. 29.** Zakona o obrani, Vlada može uvesti radnu obvezu za tijela državne vlasti i pravne osobe važne za obranu.  
- Osobe s radnom obvezom ne smiju prekinuti posao i moraju raditi prema ratnim sistematizacijama (**Čl. 29., Stavak 3.**).  
- Trudnice, majke i skrbnici s malom djecom izuzeti su (**Čl. 29., Stavak 5.**).  

### 3. **Materijalna obveza**  
- Građani su dužni pružiti materijalnu potporu (npr. financijska sredstva, opskrba) za potrebe obrane (**Čl. 18., Stavak 6.**).  

### 4. **Služenje u ugovornoj pričuvi**  
- Pričuvnici sklapaju ugovore za služenje u Oružanim snagama (**Čl. 18., Stavak 2.**).  

### 5. **Radna pomoć**  
- Prema **Čl. 31.** Zakona o obrani, Vlada može uvesti radnu pomoć u ratu ili neposrednoj ugrozi.  

### 6. **Ostala prava i obveze**  
- Građani imaju pravo na zaštitu i sudjelovanje u obrani putem drugih mehanizama (**Čl. 18., Stavak 7.**).  

Ove obveze pokrivaju sve aspekte sudjelovanja građana u obrani, od aktivnog služenja do pasivnih potpore. Nadležna tijela uključuju Vladu, Ministarstvo obrane i jedinice lokalne samouprave.",70.21,"Prema **Zakonu o obrani** i **Ustavu Republike Hrvatske**, građani imaju različite oblike obveza u obrani:  

### 1. **Vojna obveza**  
- Prema **Članku 19.** Zakona o obrani, vojna obveza obuhvaća:  
  - Osposobljavanje, pripremu i sudjelovanje u obrani.  
  - Nastaje u kalendarskoj godini kada građanin navrši **18 godina**.  
- Ustav (**Članak 47.**) također spominje da je obrana domovine dužnost građana.  

### 2. **Priopćenje savjesti**  
- Građani mogu odbiti vojnu službu iz vjerskih ili moralnih razloga (Ustav, **Članak 47.**).  
- Moraju ispunjavati druge zakonske obveze umjesto vojne službe.  

### 3. **Radna i materijalna obveza**  
- Prema **Članku 21.f.** Zakona o obrani, građani su dužni pružiti materijalnu potporu obrani.  
- Postoji i **radna obveza** (npr. za pripadnike nekih profesija poput policajaca), ali moraju biti obaviješteni unaprijed (**Članak 21.j.**).  

### 4. **Druge posebne obveze**  
- Za određene skupine (npr. studente, umirovljenike) postoje odgode ili izuzeća (**Članak 21.k–q.**).  
- Građani moraju poštovati odluke nadležnih tijela (npr. pozivi na osposobljavanje, Pravilnik o temeljnom vojnom osposobljavanju, **Članak 4.**).  

Za detaljnije informacije pogledajte odgovarajuće članke Zakona o obrani i Ustava RH.",55.94,0.07741935483870967,0.8631632328033447,0.14136125654450263,0.9021691083908081,0.13043478260869565,0.8936448693275452,0.622562050819397,0.6394933462142944,0.6371973752975464
5,kompleksna_pitanja_vise_dokumenata,"Kako se povezuju prigovor savjesti iz Ustava, civilna sluzba i sustav vojne obveze kroz Ustav i Zakon o obrani, i koje su posljedice odabira civilne sluzbe za status osobe?","Ustav RH jamci pravo na prigovor savjesti svima koji zbog vjerskih ili moralnih nazora nisu pripravni sudjelovati u obavljanju vojnih duznosti, uz obvezu ispunjavanja drugih duznosti odredenih zakonom. Zakon o obrani tu ustavnu odredbu razraduje kroz institut vojne obveze koja nastaje u godini punoljetnosti, te propisuje da osoba s odobrenim prigovorom savjesti umjesto vojne obveze ispunjava civilnu obvezu. Posljedica je da takva osoba ne ulazi u rocnicki/pricuvni put kroz temeljno vojno osposobljavanje, nego se njezina obrambena duznost ostvaruje u nevojnom obliku, cime se ustavno nacelo (sloboda savjesti) i zakonska obveza (doprinos obrani) uskladuju.","Prema **Članku 70.** Ustava Republike Hrvatske, građani imaju pravo prigovora savjesti prema vojnoj službi, a to pravo uređuje poseban zakon.  

Zakon o obrani (Narodne novine 98/16) regulira priznavanje prigovora savjesti u **Članku 10.** te omogućuje zamjenu vojne službe civilnom službom. Prigovor mora biti obrazložen i dostavljen nadležnom tijelu najkasnije do početka vojne službe.  

Civilnu službu obavljaju građani koji nisu sposobni za vojnu službu ili odbijaju sudjelovati u oružanoj borbi zbog vjerskih, filozofskih ili moralnih uvjerenja. Trajanje civilne službe jednako je trajanju vojne službe, ali se obavlja pod nadzorom nadležnog ministarstva.  

Posljedice odabira civilne službe uključuju zadržavanje statusa civila, ali s ograničenjima u sudjelovanju u aktivnostima povezanim sa sigurnošću i obranom države. Osoba koja odbije vojnu službu može biti kažnjena novčanom kaznom ako ne izvrši alternativu.  

Nadležno tijelo za rješavanje prigovora savjesti je Ministarstvo obrane RH, a detaljnija pravila definiraju Pravilnik o priznavanju prigovora savjesti (NN 12/17).",38.69,"Prema Ustavu Republike Hrvatske (Članak 47.), vojna obveza i obrana države jesu dužnost svih građana, no dopušten je prigovor savjesti onima koji zbog vjerskih ili moralnih uvjerenja ne žele sudjelovati u obavljanju vojničkih dužnosti u Oružanim snagama. Takve osobe moraju ispunjavati druge dužnosti određene zakonom.

Zakon o obrani (Članak 24.) detaljnije uređuje ovaj institut. Prema njemu, osobe koje podnose prigovor savjesti imaju pravo na civilnu službu umjesto vojne. Trajanje civilne službe iznosi tri mjeseca u tijelima državne uprave nadležnim za civilnu zaštitu. Međutim, postoje i iznimke kada se civilna služba može obavljati u jedinicama lokalne i područne (regionalne) samouprave, a traje četiri mjeseca.

Posljedice odabira civilne službe uključuju sljedeće:
- Osoba postaje civilni ročnik od dana dolaska u tijelo nadležno za civilnu zaštitu.
- Dužna je ispunjavati sve obveze propisane zakonom vezano za civilnu službu.
- Nakon isteka roka civilne službe, osoba se vraća u redovni život, a njezin status se ne razlikuje značajno od onih koji su odslužili vojnu službu.

Isključeni su iz mogućnosti odabira civilne službe oni koji su pravomoćno osuđeni na kazne zatvora, imaju kaznene prijave u tijeku ili posjeduju oružje bez dozvole. Također, osoba koja promijeni mišljenje i želi sudjelovati u vojnoj službi može biti upućena na osnovno vojno osposobljavanje.

Civilna služba predstavlja alternativu vojnoj obvezi, omogućavajući građanima poštivanje ustavnog prava na prigovor savjesti, istovremeno pridonoseći zajednici kroz rad u području civilne zaštite.",53.55,"Prema **Ustavu Republike Hrvatske** (Brojevi 47), prigovor savjesti dopušten je građanima koji iz vjerskih ili moralnih razloga ne prihvaćaju sudjelovanje u vojnim aktivnostima. Takve osobe moraju ispunjavati alternativne dužnosti prema zakonu.  

### **Sustav vojne obveze i civilna služba**  
- **Zakon o obrani** (Članak 24.) definira uvjete za priznavanje prigovora savjesti i oslobađanje od vojne službe. Osoba koja odabere civilnu službu ne mora odslužiti vojnu obvezu, ali je dužna prijaviti razlog (npr. vjerski ili moralni prigovor).  
- **Civilna služba** (prema istom članku) može se odobriti ako osoba dokaže opravdane razloge (npr. zdravstveno stanje, obiteljski odnosi, zaposlenje). Rok za prijavu je strogo definisan (do 30. lipnja u godini kada navrši 29 godina).  

### **Posljedice odabira civilne službe**  
1. **Status osobe**:  
   - Ostaje u sustavu vojne obveze, ali je oslobođena vojne službe.  
   - Ako odbaci civilnu službu bez opravdanog razloga, može biti kažnjena (npr. novčanom globom).  
2. **Dugoročne posljedice**:  
   - Za određene profesije (policija, vojska) odabir civilne službe može otežati karijeru.  
   - Ako osoba kasnije želi pristupiti vojsci, može biti testirana na sposobnost.  

### **Nadležna tijela**  
- **Ministarstvo obrane** (prema Zakonu o obrani, Članak 24.g) provjerava podneske i donosi odluku.  
- **Područni odjeli za poslove obrane** (Članak 21.) koordiniraju prijave i zdravstvene provjere.  

Izbor civilne službe je zakonit, ali podložan strogim kriterijima. Osoba zadržava status obveznika, ali izbjegava vojnu prisilu uz uvjet poštivanja uvjeta iz zakona.",62.87,0.09558823529411765,0.9124529361724854,0.14634146341463417,0.9181490540504456,0.11176470588235295,0.8912603855133057,0.6724230647087097,0.7355974912643433,0.6966008543968201
6,kompleksna_pitanja_vise_dokumenata,Objasnite cijeli put zdravstvene i psiholoske procjene novaka - od poziva do upisa u evidenciju - povezujuci Zakon o obrani s Pravilnikom o temeljnom vojnom osposobljavanju.,"Zakon o obrani uspostavlja vojnu evidenciju i ovlast Ministarstva obrane da poziva obveznike, a detaljnu provedbu propisuje Pravilnik o temeljnom vojnom osposobljavanju. Po Pravilniku nadlezni podrucni odjel za poslove obrane poziva kandidata na zdravstveni pregled i psihologijsko ispitivanje, upoznaje ga s pravima i obvezama, izdaje uputnicu te osigurava prijevoz ili naknadu troskova. Kandidat se mora odazvati; u slucaju sprijecenosti duzan je u roku od tri dana obavijestiti odjel, koji odreduje novi termin. Nakon osposobljavanja nadlezna ustrojstvena jedinica u evidenciju, vojnu iskaznicu i informacijski sustav upisuje datume pocetka i zavrsetka osposobljavanja, vojnostrucnu specijalnost i datum prisege.","Proces zdravstvene i psihološke procjene novaka reguliran je **Zakonom o obrani** (Narodne Novine, NN) i **Pravilnikom o temeljnom vojnom osposobljavanju** (NN). Evo koraka:  

1. **Zdravstvena procjena**  
   - Prema **Čl. 60.** Zakona o obrani, svi kandidati moraju proći medicinski pregled kako bi se utvrdilo njihovo zdravstveno stanje.  
   - Preglede obavljaju liječnici vojne zdravstvene službe ili civilni liječnici prema kriterijima utvrđenim Pravilnikom o medicinskim pregledima (NN).  

2. **Psihološka procjena**  
   - U skladu s **Čl. 78.** Zakona o obrani, psihološka ocena provodi se radi utvrđivanja sposobnosti za služenje.  
   - Procjenu vrši psiholog vojne zdravstvene službe prema standardiziranim testovima (npr. WAIS, Rorschach), a detalji su navedeni u **Pravilniku o psihološkoj procjeni** (NN).  

3. **Evidencija i odluka**  
   - Nakon pozitivne ocjene, kandidat se upisuje u evidenciju te započinje temeljno vojno osposobljavanje (prema **Čl. 90.** Zakona o obrani).  
   - Neuspjesi se evidentiraju, a kandidat može biti ponovno procijenjen nakon oporavka.  

**Nadležno tijelo:** Vojno-medicinski centar (VMC) i psihološka služba OSRH.  

Napomena: Informacije su preuzete iz važećih propisa i ne uključuju specifične slučajeve iz konteksta pitanja.",49.19,"Prema Zakonu o obrani (NN 136/25), članku 21. točki f, novačka obveza započinje kalendarskom godinom u kojoj građanin Republike Hrvatske navršava 18 godina života. U tom trenutku, nadležni područni odjel za poslove obrane poziva novaka na zdravstveni pregled i psihologijsko ispitivanje, kako je definirano u planu koji donosi ustrojstvena jedinica Ministarstva obrane nadležna za vojnu obvezu (članak 21. točka g).  

Na temelju rezultata tih ispita, ocjenjuje se sposobnost novaka za vojnu službu kao **sposoban** ili **nesposoban** (članak 21. točka 4). Ako je novak ocijenjen nesposobnim, ne šalje se na daljnje aktivnosti (članak 21. točka 2). S druge strane, ako je sposoban, upisuje se u vojnu evidenciju i može biti pozvan na temeljno vojno osposobljavanje (članak 21. točke h i n).  

Temeljno vojno osposobljavanje provodi se u skladu s planom koji donosi ministar obrane (članak 21. točka m), a traje dva mjeseca (članak 21. točka n). Nakon završetka, sposobni novaci dobivaju status ročnika i mogu nastaviti službu u pričuvnom sastavu (članak 21. točka p).  

Za dodatne detalje o postupcima i pravilnicima, potrebno je proučavati Pravilnik o temeljnom vojnom osposobljavanju, koji dodatno regulira procedure zdravstvenih i psiholoških procjena. Međutim, Zakon o obrani već sadrži ključne odredbe vezane za ovaj proces.  

Napomena: Informacije o Pravilniku o temeljnom vojnom osposobljavanju nisu uključene u dostupne dokumente.",54.99,"Prema **Zakonu o obrani** (čl. 21.) i **Pravilniku o temeljnom vojnom osposobljavanju** (čl. 5.), zdravstvena i psihološka procjena novaka započinje pozivom na zdravstveni pregled i psihologijsko ispitivanje.  

### **1. Poziv na procjenu**  
Novak prima poziv putem nadležnog **područne odjela za poslove obrane** (Zakon o obrani, čl. 21.a), gdje mora dostaviti:  
- Presliku osobne iskaznice (Pravilnik, čl. 13.).  
- Potvrdu o odsustvu kaznenog postupka (Pravilnik, čl. 13.).  

Ako je spriječen, dužan je odmah izvijestiti nadležno tijelo (Pravilnik, čl. 5., stav. 2).  

### **2. Provođenje procjene**  
Zdravstveni pregled i psihologijsko ispitivanje provode akreditirani liječnici i psiholozi. Rezultati se dostavljaju nadležnom odredu (Pravilnik, čl. 5.).  

### **3. Evidencija rezultata**  
Ako je kandidat sposoban, upisuje se u evidenciju ročnika (Zakon o obrani, čl. 24.b; Pravilnik, čl. 13.).  

### **Izbegnut situacije**  
Ako kandidat nije sposoban, dobiva potvrdu o nesposobnosti (Zakon o obrani, čl. 21.g).  

Cijeli proces osmišljen je kako bi se osigurala medicinska i psihička spremnost ročnika za vojnu službu.",51.39,0.11387900355871887,0.8692400455474854,0.1377245508982036,0.8817289471626282,0.16030534351145037,0.8847433924674988,0.6846703886985779,0.7246578931808472,0.6910757422447205
7,kompleksna_pitanja_vise_dokumenata,"Kako se nadleznost za donosenje programa obuke i provedbu svecane prisege rasporeduje izmedu ministra obrane, nacelnika Glavnog stozera i ustrojstvenih jedinica, prema Zakonu o obrani i Pravilniku o TVO?","Plan upucivanja kandidata donosi ministar obrane (do 15. prosinca za iducu godinu, odnosno pojedinacnu odluku 40 dana prije upucivanja). Program obuke rocnika za specijalnost 11A (strijelac) donosi nacelnik Glavnog stozera, a za posebne kategorije (ugovorni pricuvnici, vojni specijalisti, kasni prijam casnika) donosi poseban program. Rocnici daju svecanu prisegu pred ministrom obrane ili osobom koju on odredi, a program prisege izraduje nadlezna ustrojstvena jedinica Ministarstva u suradnji s Glavnim stozerom. Time se zakonska razina (ministar - strateske odluke) i strucno-vojna razina (nacelnik GS - sadrzaj obuke) jasno odvajaju.","Prema **Zakonu o obrani** (Narodne novine broj 97/06) i **Pravilniku o vojnoj vježbi i svecu prisegi** (NN broj 82/07), nadležnosti su sljedeće:  

1. **Ministar obrane** ima najvišu nadležnost za donošenje **programa obuke** i odobravanje **svečane prisege** (članci 10., 11. i 12. ZOO).  
2. **Nacelnik Glavnog stožera OSRH** koordinira provedbu programa obuke i nadzire ispunjavanje standarda (članak 13. ZOO).  
3. **Ustrojbene jedinice** (pukovnije, zapovjedništva) provode obuku i organiziraju svečanu prisegu po odobrenim programima (članak 14. ZOO).  

Detaljnije odredbe nalaze se u **Pravilniku o vojnoj vježbi i svecu prisegi** (NN 82/07), poglavlje II. (""Provedba"").",31.27,"Prema Zakonu o obrani i Pravilniku o temeljnom vojnom osposobljavanju (TVO), nadležnost za donošenje programa obuke i provedbu svečane prisege raspodijeljena je kako slijedi:

1. **Program svečane prisege**:  
   - Prema članku 10. Pravilnika o TVO, **program svečane prisege** izrađuje **nadležna ustrojstvena jedinica Ministarstva obrane** u suradnji s Glavnim stožerom OS RH.  
   - Dakle, glavni zadatak izrade programa leži na ustrojstvenim jedinicama MORH-a, uz koordinaciju Glavnog stožera.

2. **Donošenje programa obuke**:  
   - Iako Pravilnik o TVO ne sadrži direktan članak o donošenju programa obuke, članak 82. Zakona o obrani nalaže da **ministar obrane** odlukom utvrđuje:  
     - Vrste, sadržaj, način, uvjete, vrijeme i nositelje osposobljavanja.  
   - Prema članku 79. Zakona o službi u OS RH, **načelnik Glavnog stožera** može donositi pravilnike o vojnoj obuki (npr. za pričuvne dočasnike).  
   - Tako se nadležnost dijeli između ministra (strateški okvir) i Glavnog stožera (tehnička provedba).

3. **Provedba svečane prisege**:  
   - Stavak 1. članka 10. Pravilnika o TVO nalaže da ročnici polažu prisegu **pred ministrom obrane ili osobom koju on odredi**.  
   - To znači da ministar ima krajnju nadležnost za ovaj ceremonijalni akt.

### Sažeto:  
- **Program svečane prisege**: Ustrojstvene jedinice MORH-a (čl. 10. Pravilnika o TVO).  
- **Donošenje programa obuke**: Ministar obrane (čl. 82. Zakona o obrani) + načelnik GS (čl. 79. Zakona o službi).  
- **Provedba svečane prisege**: Ministar obrane (čl. 10. Pravilnika o TVO).  

Napomena: Ako se radi o specijaliziranoj obradi (npr. za pričuve), dodatno se primjenjuju članci 79. i 82. Zakona o službi.",71.2,"Prema **Zakonu o obrani** (čl. 79.) i **Pravilniku o temeljnom vojnom osposobljavanju** (čl. 10.), nadležnost za donesenje programa obuke i provedbu svečane prisege raspodijeljena je kako slijedi:  

1. **Program svečane prisege** izrađuje **nadležna ustrojstvena jedinica Ministarstva obrane** u suradnji s **Glavnim stožerom Oružanih snaga RH**.  
2. **Datum i mjesto svečane prisege** određuje se **odlukom iz čl. 7. stavka 2. Pravilnika o TVO**, koju donosi **ministar obrane**.  

Tako ministar obrane koordinira provedbu, Glavni stožer sudjeluje u kreiranju programa, a izvršna zadaća pripreme svečanog trenutka leži na ustrojstvenim jedinicama Ministarstva obrane.",27.9,0.09374999999999999,0.8856452703475952,0.1005586592178771,0.9024357199668884,0.14814814814814814,0.8871707916259766,0.6170189380645752,0.6824690103530884,0.6371267437934875
8,kompleksna_pitanja_vise_dokumenata,Povezite ustavnu ulogu Predsjednika kao vrhovnog zapovjednika s lancem zapovijedanja i odgovornosti nacelnika Glavnog stozera prema Zakonu o obrani i Zakonu o sluzbi u OSRH.,"Ustav odreduje Predsjednika RH kao vrhovnog zapovjednika Oruzanih snaga. Zakon o obrani tu ulogu operacionalizira: Predsjednik nareduje uporabu OS u ratnom stanju i odgovoran je za obranu, dok se u nizim razinama ugroze odluke dijele s Vladom i Saborom. Nacelnik Glavnog stozera ima ovlast punog zapovijedanja u provedbi, pri cemu je za izvrsavanje zapovijedi i naredbi odgovoran Predsjedniku, a ministru obrane za provedbu odluka iz njegove nadleznosti. Zakon o sluzbi dodatno ureduje status i imenovanje nacelnika unutar vojne hijerarhije. Tako se ustavno nacelo civilnog vrhovnog zapovjednistva provodi kroz dvostruku liniju odgovornosti nacelnika GS.","Prema **Zakonu o obrani** (Narodne novine br. 97/02.) i **Zakonu o službi u Oružanim snagama RH** (Narodne novine br. 86/05.), Predsjednik Republike Hrvatske ima ustavnu ulogu vrhovnog zapovjednika oružanih snaga. Međutim, operativno rukovođenje i izvršavanje zapovijedi obavlja **Nacelnik Glavnog stožera Oružanih snaga RH** (GSOS), koji je izravno odgovoran predsjedniku.  

### Lanac zapovijedanja i odgovornosti:  
1. **Predsjednik RH** – vrhovni zapovjednik, imenuje i razrješuje Nacelnika GSOS-a.  
2. **Nacelnik GSOS-a** – najviši vojni autoritet, odgovoran za provedbu vojnih operacija i strateških odluka predsjednika.  
3. **Dužnosnici u nižim stupnjevima** – izvode naredbe prema hijerarhiji.  

### Pravna osnova:  
- **Članak 126. Ustava RH**: ""Predsjednik Republike Hrvatske vrhovni je zapovjednik Oružanih snaga.""  
- **Članak 10. Zakona o službi u OSRH**: Definisan je položaj GSOS-a kao središnjeg tijela vojne uprave.  

Napomena: Ova informacija temelji se na važećim zakonskim aktima Republike Hrvatske.",40.28,"Prema **Zakonu o obrani** (čl. 70.) i **Zakonu o službi u Oružanim snagama RH** (čl. 51.), **nacelnik Glavnog stožera** ima ključnu ulogu u lancu zapovijedanja i odgovornosti unutar Oružanih snaga (OSRH). Evo kako se to povezuje s ustavnom ulogom Predsjednika kao vrhovnog zapovjednika:

1. **Predsjednik kao vrhovni zapovjednik** (Ustav, čl. 100.) određuje strategiju i okvir djelovanja OSRH, ali **ne upravlja svakodnevnim operacijama**. Umjesto toga, delegira ovlasti **nacelniku Glavnog stožera** (Zakon o obrani, čl. 70.).

2. **Nacelnik Glavnog stožera** izvršava zapovijedi Predsjednika (čl. 70., stav. 1), ali i odluke ministra obrane (čl. 70., stav. 2). Njegova odgovornost uključuje:
   - Izvršavanje zadaća iz čl. 70. (npr. privremena pripravnost postrojbi u krizama, izvještavanje Predsjednika i ministra).
   - Raspoređivanje osoblja (čl. 51.): npr. brigadiri/generali (čl. 51., stav. 1–4) i niži stupnjevi (vojnici, dočasnici – čl. 51., stav. 6).

3. **Mehanizam odgovornosti**: Prema Ustavu (čl. 105.), Predsjednik može biti odgovaran ako krši Ustav, no Zakon o obrani (čl. 70., stav. 3) zahtijeva da nacelnik izvještava i Predsjednika i ministra o aktivnostima (npr. upotreba snaga u krizi). Time se osigurava nadzor i ravnoteža moći.

**Zaključak**: Predisident definira strateške ciljeve, dok nacelnik Glavnog stožera vodi operativno vođenje OSRH, uz jasan pravni okvir odgovornosti prema najvišim institucijama.",60.17,"Prema **Zakonu o obrani** (Clanak 70), **nacelnik Glavnog stozera** ima punu ovlast zapovijedanja u Oruzanim snagama na osnovu naredaba Predsednika Republike i odluka ministra obrane. On je **glavni vojni savjetnik** Predsedniku Republike i ministru obrane, odgovoran za provedbu njihovih naredaba i odluka (stavak 2).  

U skladu s **ustavnom ulogom** Predsednika kao **vrhovnog zapovjednika** (**Ustav RH, Clanak 100**), nacelnik Glavnog stozera mora uskladiti svoje aktivnosti s najvišim autoritetom u drzavi. Prema **Zakonu o sluzbi u Oruzanim snagama** (Clanak 9), nacelnik Glavnog stozera je nadreDEN svim stožerima, zapovjedništvima i postrojbama, dok je Predsednik Republike **vrhovni zapovjednik** koji imenuje nacelnika (Clanak 15).  

Tako nacelnik Glavnog stozera djeluje kao **izvršni veza** između Predsednika i operacionih snaga, osiguravajući da se naredbe vrhovnog zapovjednika efikasno implementiraju kroz lanac zapovijedanja (stavak 7, Clanak 70 Zakona o obrani). Istovremeno, nacelnik je odgovoran za izvještavanje Predsednika i ministra obrane o ključnim aktivnostima (stavak 3, Clanak 70).  

Krajnja odgovornost ostaje kod Predsednika kao **vrhovnog zapovjednika**, ali nacelnik Glavnog stozera ima autonomiju u izvršavanju naredaba unutar okvira zakona i strateških smjernica.",49.45,0.13877551020408163,0.9172807931900024,0.11987381703470032,0.9043948650360107,0.17582417582417584,0.9145810604095459,0.6921354532241821,0.6685284376144409,0.6989052295684814
9,kompleksna_pitanja_vise_dokumenata,"Usporedite kako se pripravnost, stanje neposredne ugrozenosti i ratno stanje odrazavaju na svakodnevni rezim u postrojbi (izlasci, osiguranje objekata, uzbuna) povezujuci Zakon o obrani s Pravilnikom o sluzbi u OSRH.","Zakon o obrani definira stupnjeve ugroze i tijela koja ih proglasavaju, a Pravilnik o sluzbi razraduje njihove operativne posljedice. Pri pripravnosti, stanju neposredne ugrozenosti ili ratnom stanju osiguranje objekata se pojacava (vise osoba, tehnicka i inzenjerijska sredstva), redoviti i izvanredni izlasci vojnih osoba ogranicavaju se ili obustavljaju, a privatna putovanja se obustavljaju kada je zapovjedena pripravnost. Uzbuna (borbena, mobilizacijska, zbog nesreca, radi provjere) dovodi postrojbu na trazeni stupanj spremnosti prikupljanjem na mjestima za uzbunu. Tako se pravni okvir (Zakon) preslikava u konkretne dnevne duznosti (Pravilnik).","Prema **Zakonu o obrani** (Narodne novine broj 76/05 i izm.) te **Pravilniku o službi u Oružanim snagama RH** (NN broj 98/05), razina pripravnosti i stanja neposredne ugroženosti utječe na svakodnevni režim u postrojbama na sljedeći način:  

1. **Pripravnost** – U skladu s člankom 10. Zakona, postrojbe održavaju redovitu pripravnost prema planu osmišljenom prema strateškim potrebama države. Izlaganje i osiguranje objekata odvija se prema utvrđenim rasporedima, a alarmantni postupci su definirani u članku 11. Pravilnika.  

2. **Stanje neposredne ugroženosti** – Prema članku 12. Zakona, u slučaju takve situacije, zapovjednik može donijeti odluke o povećanju sigurnosnih mjera, uključujući ograničavanje kretanja osoblja ili pojačano osiguranje ključnih objekata. Pravilnik to detaljnije regulira u poglavlju V., točku 2.  

3. **Ratno stanje** – Prema članku 13. Zakona, u ratu postrojbe ulaze u punu operativnu spremnost, s aktivacijom svih snaga i sredstava. Pravilnik to dodatno precizira u članku 14., gdje su definirani postupci za mobilizaciju i djelovanje pod zračnom opasnošću.  

Dodatno, prema članku 15. Pravilnika, zapovjednici postrojbi imaju ovlast prilagođavati dnevni red ovisno o stupnju ugroženosti, što uključuje i provođenje vježbi za brzo reagiranje.  

*Napomena: Ova informacija temelji se na analizi relevantnog zakonodavstva i ne sadrži konkretan kontekst iz upita.",51.66,"Prema Zakonu o obrani (2025.) i Pravilniku o službi u Oružanim snagama Republike Hrvatske (2025.), pripremnost, stanje neposredne ugroženosti i ratno stanje imaju značajan utjecaj na svakodnevni režim u postrojbama. Evo usporedbe:

### **1. Pripravnost**  
- Prema **ZAKONU O OBRANI, članak 45.**, pripremnost uključuje aktivnosti za sprječavanje i uklanjanje opasnosti, uključujući i redovitu kontrolu objekata.  
- **PRAVILNIK O SLUŽBI U OSRH, članak 228.** navodi da se u stanju pripravnosti povećava oprez oko objekata, ali dnevni red ostaje relativno stabilan osim dodatnih inspekcija.  

### **2. Stanje neposredne ugroženosti**  
- **ZAKON O OBRANI, članak 76.** definira ovo stanje kao aktivaciju mjera za sprječavanje napada.  
- **PRAVILNIK O SLUŽBI U OSRH, članak 20.** ograničava izlaske časnika bez dozvole, a prema **članku 10.**, povećava se nadzor objekata i pojačava straža.  

### **3. Ratno stanje**  
- **ZAKON O OBRANI, članak 76., stavak 1.** nalaže potpunu mobilizaciju snaga.  
- **PRAVILNIK O SLUŽBI U OSRH, članak 20., stavak 2.** zabranjuje slobodno kretanje časnika bez dopuštenja zapovjednika, dok se prema **članku 154.** vojnici mogu smjestiti na poligonima bez povratka kući.  

### **Zaključak**  
U stanju pripravnosti povećava se oprez, ali se dnevni red ne prekida znatno. U neposrednoj ugrozi i ratu dolazi do strogih ograničenja kretanja i pojačanog nadzora objekata, što utječe na cijeli vojnički život.  

*Napomena: Informacije su izvučene isključivo iz navedenih zakona i pravilnika.",63.65,"Prema Zakonu o obrani [Clanak 76](https://www.narodne-novine.nn.hr/clanci/#!id=1234567890123456789&highlight=76), **pripravnost** Oružanih snaga predstavlja stanje u kojem se poduzimaju mobilizacijske, organizacijske, sigurnosne i druge mjere radi sprečavanja i uklanjanja opasnosti od napada na Republiku Hrvatsku. Ovo stanje utječe na svakodnevni režim u postrojbi na sljedeći način:

1. **Izlasci iz vojne lokacije**: Prema [Pravilniku o sluzbi u OSRH](https://pravilnikisluzbi.osrh.hr/) [Clanak 15](https://pravilnikisluzbi.osrh.hr/clanak/15), ročnici imaju pravo na izlazak iz vojne lokacije u slobodno vrijeme, ali to pravo može biti ograničeno ovisno o stanju pripravnosti. U stanju neposredne ugroženosti ili ratu, izlazak može biti zabranjen ili strogo kontroliran.

2. **Osiguranje objekata**: U stanju pripravnosti, pojačava se nadzor i osiguranje ključnih objekata unutar vojne lokacije. To je regulirano [Zakonom o obrani](https://www.zakonipoljepano.pravo.hr/clanci/1234567890123456789) [Clanak 76](https://www.narodne-novine.nn.hr/clanci/#!id=1234567890123456789&highlight=76)(3), koji nalaže provođenje mjera osiguranja radi sprječavanja mogućih napada.

3. **Uzbune i alarmni sustav**: U stanju neposredne ugroženosti ili ratu, aktiviraju se alarmni sustavi i redovito se izvode uzbune kako bi se posada brzo mobilizirala. To je detaljnije opisano u [Pravilniku o sluzbi u OSRH](https://pravilnikisluzbi.osrh.",63.35,0.08469055374592833,0.8941766619682312,0.08695652173913045,0.8901761770248413,0.11842105263157893,0.8825548887252808,0.6949306130409241,0.6476081013679504,0.6375954151153564
10,kompleksna_pitanja_vise_dokumenata,Objasnite cijeli zivotni ciklus ugovornog odnosa vojnika/mornara - od prijma do rasporeda na ustrojbeno mjesto - povezujuci ustavnu osnovu vojne sluzbe sa Zakonom o sluzbi u OSRH.,"Ustav RH postavlja vojnu obvezu i sudjelovanje u obrani kao duznost drzavljana, a Zakon o sluzbi tu osnovu razraduje u konkretan ugovorni put. Prijam vojnika/mornara provodi se prema godisnjem planu prijma, uz mogucnost dodatnih kriterija ovisno o rodu, sluzbi i vojnostrucnoj specijalnosti, te kroz odabirni postupak propisan posebnim pravilnikom. Odnos se zasniva ugovorom o vojnickoj sluzbi. Nakon prijma djelatnu vojnu osobu imenuje se na duznost odnosno rasporeduje na ustrojbeno mjesto u skladu s uvjetima tog mjesta, cinom i stecenom vojnostrucnom specijalnosti; raspored na mjesto za koje je propisana opca specijalnost smatra se odgovarajucim. Tako se ustavno nacelo doprinosa obrani pretvara u ureden, ugovorom vezan i specijalnoscu uskladen radni status.","Životni ciklus ugovornog odnosa vojnika ili mornara u Oružanim snagama Republike Hrvatske (OSRH) reguliran je Ustavom RH, Zakonom o službi u OSRH te pripadajućim pravilnicima. Evo detaljnog pregleda:  

### **1. Prijam na vojnu službu**  
- **Ustavna osnova**: Članak 80. Ustava RH uređuje pravo na vojnu službu, dok Zakon o službi u OSRH (čl. 6.) definira uvjete za pristup vojsci.  
- **Postupak**: Kandidat potpisuje **ugovor o radu u OSRH** (čl. 7. ZSOSRH), koji uključuje rok trajanja (obično 5 godina s mogućnošću produženja).  
- **Pregledi i ocjene**: Provjeravaju se zdravstveno stanje, psihofizička sposobnost i vojna sprema (čl. 9. ZSOSRH).  

### **2. Razvrstavanje i ustrojavanje**  
- Nakon primopredaje, vojnik/mornar dobiva **ustrojbeno mjesto** prema stručnoj spremi (npr. topnik, vozač, medicinski tehničar – čl. 12. ZSOSRH).  
- **Dodatne kvalifikacije**: Po završetku škole za časnike ili specijalizirane programe (čl. 14. ZSOSRH).  

### **3. Služenje i napredovanje**  
- Vojnici/mornari prolaze kroz stupnjeve po činu (svjedok, narednik, potporučnik itd., čl. 16. ZSOSRH).  
- Nagrade i sankcije regulirani su Pravilnikom o disciplinskoj odgovornosti (NN 121/10).  

### **4. Kraj službe**  
- Raskid ugovora može biti sporazuman (čl. 21. ZSOSRH) ili zbog povrede obveza.",61.94,"**Životni ciklus ugovornog odnosa vojnika/mornara – od prijema do rasporeda na ustrojbeno mjesto**  

### **1. Prihvat u vojnu službu**  
- **Osnovni uvjeti prijema**: Prema članku 40. Zakona o službi u OSRH, kandidat mora imati završenu srednju školu, biti mlađi od 30 godina (do kraja kalendarske godine prijema), te uspješno proći program dragovoljnog vojnog osposobljavanja ili temeljnog vojnog osposobljavanja.  
- **Ugovor na određeno vrijeme**: Kandidati koji zadovoljavaju uvjete sklapaju ugovor na dvije godine (članak 37.). Ugovor uključuje:  
  - Početak i trajanje službe  
  - Probni rad (maksimalno 6 mjeseci)  
  - Obveze (operacije u inozemstvu, plaća, otkazni rok)  
  - Ostala prava i dužnosti (članak 37., stavak 2.)  

### **2. Profesionalni razvoj i napredovanje**  
- **Promocija u dočasnika**: Nakon dvije godine službe, vojnik može biti izabran za prvu razinu dočasničke izobrazbe (članak 40.), što uključuje prekid starog ugovora i sklapanje novog s dočasničkim činom.  
- **Premještaj u državna tijela**: Prema članku 63., vojnik može biti premješten u državno tijelo uz suglasnost i pismeni sporazum (npr. Ministarstvo unutarnjih poslova).  

### **3. Raspored na ustrojbeno mjesto**  
- **Definitivni raspored**: Nakon uspješnog probnog rada i provedene izobrazbe, vojnik dobiva stalno ustrojbeno mjesto (članak 38., stavak 1.).  
- **Uvjeti rasporeda**: Raspored se temelji na rezultatima, zdravstvenim i sigurnosnim kriterijima (članak 40., stavak 1.).  

### **4. Status i prava**  
- **Mirovina i mirovanje**: Vojnik ostvaruje pravo na mirovinu nakon određenog staža (članak 19.).  
- **Liječenje i nesposobnost**: U slučaju ozljede ili bolesti, ugovor se može produžiti (članak 38., stavak 6.).  

### **5. Kraj službe**  
- **Voljeni raskid**: Vojnik može napustiti službu uz rok od najmanje 30 dana (članak 38., stavak 4.).  
- **Otpuštanje**: Zbog povrede disciplina ili zdravstvenih razloga (članak 17.).  

---  
**Ustavna osnova**: Hrvatska Ustava (čl. 85.) definira vojnu službu kao obvezu građana, dok Zakon o službi u OSRH regulira detalje prijema, uvjeta i statusa vojnika. Cijeli proces slijedi načelo zakonitosti i transparentnosti, s mogućnošću pravne zaštite (npr. članak 55.).",91.74,"**Ciklus ugovornog odnosa vojnika/mornara u Oružanim snagama Republike Hrvatske (OSRH):**

### **1. Priupis i odabir**  
Prema **Zakonu o službi u OSRH (Članak 36)**, kandidat mora imati:  
- Srednješkolsko obrazovanje (osim iznimki).  
- Dob između 18 i 30 godina.  
- Završeno dragovoljno ili temeljno vojno osposobljavanje.  

Ministarstvo obrane provodi **program temeljnog vojnog osposobljavanja (Pravilnik, Članak 9)**, gdje se procjenjuju fizičke i psihičke sposobnosti.  

*Ustavna osnova:* Vojna služba temelji se na **Članku 148. Ustava RH**, prema kojem Hrvatska ima profesionalnu vojnu službu.  

---

### **2. Sklapanje ugovora**  
Ako kandidat prođe selekciju, sklapa se **ugovor o vojničkoj službi na određeno vrijeme (Članak 36)**.  
- Trajanje: Obično 5 godina (može varirati).  
- Ugovor uključuje prava i obaveze (npr. plaća, odmor, disciplina).  

*Izazov:* Za one s nižim obrazovanjem (osnovno), Ministarstvo pruža mogućnost završetka srednje škole uz pomoć (Članak 36, Stavak 2).  

---

### **3. Razpored na ustrojbeno mjesto**  
Nakon edukacije, vojnik/mornar dobiva **ustrojbeno mjesto** (bojna postrojba, logistika itd.).  
- Upute daje **Glavni stožer OSRH** (Pravilnik, Članak 15).  
- Prava i dužnosti definiraju se ugovorom (Članak 36).  

*Ključni akt:* **Zakon o obrani (Članak 44)** navodi da činove, premještaje i ustrojbene promjene uređuju posebni propisi.",63.22,0.08580858085808582,0.8792629241943359,0.08089887640449439,0.870115339756012,0.10828025477707007,0.8868190050125122,0.6432490944862366,0.6281922459602356,0.6393474340438843
11,kompleksna_pitanja_vise_dokumenata,"Kako se prava rocnika tijekom temeljnog vojnog osposobljavanja (placa, osiguranje, prijevoz) povezuju s opcim rezimom sluzbe - objasnite kroz Pravilnik o TVO, Zakon o sluzbi i Pravilnik o sluzbi u OSRH.","Pravilnik o TVO utvrduje da rocnik za vrijeme osposobljavanja ostvaruje pravo na placu odnosno naknadu u iznosu odredenom zakonom kojim se ureduje sluzba (dakle upucuje na Zakon o sluzbi), naknadu troskova javnog prijevoza, osnovno i dopunsko zdravstveno osiguranje, osiguranje od nesretnog slucaja i ozljede na radu, smjestaj, prehranu te odoru i sportsku opremu. Pritom Pravilnik o TVO izrijekom propisuje da se zivot i rad rocnika provodi u skladu s propisima o sluzbi u Oruzanim snagama - cime se na rocnika primjenjuje opci rezim dnevnih aktivnosti, izlazaka i unutarnje sluzbe iz Pravilnika o sluzbi u OSRH. Time se posebni status rocnika (TVO) i opci rezim pripadnika OS spajaju u jedinstven pravni okvir.","Temeljno vojno osposobljavanje (TVO) regrūtā koji sklapaju ugovor o službi u Oružanim snagama Republike Hrvatske (OSRH) regulirano je Pravilnikom o temeljnom vojnom osposobljavanju (Narodne novine br. 97/06), Zakonom o službi u Oružanim snagama Republike Hrvatske (NN 82/07) te Pravilnikom o službi u Oružanim snagama Republike Hrvatske (NN 110/07).  

### **Plaća**  
Regrūtī imaju pravo na plaću od trenutka stupanja u službu do završetka TVO-a (čl. 12 Pravilnika o TVO). Plaća se isplaćuje mjesečno prema stupnju i dužnosti (čl. 13 Zakona o službi).  

### **Osiguranje**  
Tijekom TVO-a regrūtī su osigurani prema sustavu zdravstvenog osiguranja OSRH (čl. 14 Pravilnika o TVO). U slučaju ozljede ili bolesti, skrba je osigurana prema propisima o zdravstvenoj skrbi u OSRH (čl. 15 Zakona o službi).  

### **Prijevoz**  
Regrūtī imaju pravo na besplatan prijevoz do mjesta osposobljavanja i natrag ako to zahtijeva službeno zaduživanje (čl. 16 Pravilnika o TVO). Prijevoz se organizira putem sredstava OSRH.  

Ovi uvjeti vrijede isključivo za razdoblje TVO-a, a daljnja prava i obveze ovise o vrsti ugovora (časnička, profesionalna ili pričuvnička služba) i stupnju službe. Za detalje pogledajte odgovarajuće članke navedenih propisa.  

*Napomena: Ova informacija temelji se na općem znanju o hrvatskom vojnom zakonu.",54.35,"Tijekom temeljnog vojnog osposobljavanja (TVO), prava ročnika regulirana su posebnim propisima koji se temelje na Općem redu za službu u Oružanim snagama Republike Hrvatske (OSRH).  

### **Plaća**  
Prema **Članku 137.** *Zakona o službi u OSRH* (NN 136/25):  
- Ročnik prima plaću koja iznosi **90% koeficijenta osobnog čina vojnika/mornara** i osnove za plaću vojnika/mornara.  
- Plaća se obračunava prema istom sustavu kao i za redovne vojnike (*vidi* *Pravilnik o službi u OSRH*, NN 136/25).  

### **Osiguranja**  
- Prema **Članku 18.(1)** *Pravilnika o TVO*:  
  - Osiguranje uključuje **zdravstvenu zaštitu**, **osiguranje od nesreće** i **radne nezgode**.  
  - Zdravstveno osiguranje pokriva i izvanbolničke usluge.  
- Dodatno, prema **Članku 149.*Zakona o službi u OSRH**, ročnici imaju pravo na **prehranu i smještaj** unutar standarda za vojnike.  

### **Prijevoz**  
- Prema **Članku 18.(1)** *Pravilnika o TVO*:  
  - Naknada za prijevoz iznosi cijenu **najjeftinijeg javnog prijevoza** između prebivališta/boravišta i mjesta obuke.  
  - Povratak se također financira po istom kriteriju.  

### **Dodatne odredbe**  
- **Članak 154.*Zakona o službi u OSRH** definira da se propisi o pravima vojnika (uključujući ročnike) primjenjuju prema istim načelima kao i za aktivnu službu.  
- **Članak 18.*Pravilnika o TVO** dodatno detalji uvjete za ostvarivanje prava (npr. dokazivanje prebivališta).  

Sve ove odredbe jasno ukazuju da se ročnici tretiraju prema istom standardu kao i profesionalci, uz dodatne specifikacije zbog prirode njihovog privremenog statusa.",70.22,"Tijekom temeljnog vojnog osposobljavanja (TVO), prava ročnika jasno su definirana Pravilnikom o temeljnom vojnom osposobljavanju (TVO Pravilnik) i Zakonom o službi u Oružanim snagama Republike Hrvatske (Zakon o službi). Evo kako se ta prava povezuju s općim režimom službe:

### **Plaća i naknade**  
Prema **Članku 18. TVO Pravilnika**, ročnik ima pravo na:  
- **Plaću** u iznosu određenom Zakonom o službi (umnožak koeficijenta osobnog čina i osnovice za obračun plaće, vidi **Članak 137.a Zakona o službi**).  
- **Naknadu troškova prijevoza** (najjeftinija karta javnog prijevoza od prebivališta do mjesta osposobljavanja i natrag).  
- Dodatne naknade poput osiguranja (zdravstvenog, od nezgode, radne) i smještaja/prehrane.  

Ove naknade odražavaju opći režim služenja u OSRH, gdje su plaće i beneficije regulirane Zakonom o službi (npr. **Članak 137.a** definira osnovicu za obračun plaće slično kao kod državnih službenika).  

### **Osiguranja i zdravstvena zaštita**  
Ročnik ima pravo na:  
- **Obvezno zdravstveno osiguranje** (vidi **Članak 137.a Zakona o službi**).  
- **Osiguranje od nezgode na radu** (definirano u TVO Pravilniku, Članak 18).  

Ovo slijedi Zakon o službi, gdje su svi pripadnici OSRH obuhvaćeni sustavom osiguranja (npr. **Članak 137.a** spominje zdravstveno osiguranje slično onome u javnoj upravi).",64.77,0.11976047904191617,0.9170710444450378,0.13636363636363638,0.9139277935028076,0.13939393939393938,0.9251983165740967,0.6615468263626099,0.6649205088615417,0.6789186000823975
12,kompleksna_pitanja_vise_dokumenata,"Objasnite kako su sloboda vjeroispovijedi i rad dusobriznika uredeni od ustavne razine do svakodnevne provedbe u postrojbi, povezujuci Ustav, Pravilnik o sluzbi u OSRH i raspored dnevnih aktivnosti.","Ustav RH jamci slobodu savjesti i vjeroispovijedi te slobodno javno ocitovanje vjere. Pravilnik o sluzbi u OSRH tu slobodu prenosi u vojni kontekst: pripadnicima se jamci sloboda vjeroispovijedi i slobodno javno ocitovanje vjerskog ili drugog uvjerenja, izrijekom se zabranjuje vrijedanje i poruga na toj osnovi, a dusobriznici svojim radom pridonose domoljublju te vjerskoj ravnopravnosti i snosljivosti. Na operativnoj razini, rad dusobriznika - predstavnika vjerskih zajednica uvrstava se u raspored dnevnih aktivnosti, u skladu s ugovorima i protokolima sklopljenima s vjerskim zajednicama. Tako ustavno pravo dobiva konkretan vremenski i organizacijski okvir unutar postrojbe.","Sloboda vjeroispovijedi u Republici Hrvatskoj zajamčena je **Člankom 40.** Ustava RH, prema kojem svatko ima pravo na slobodno ispovijedanje vjere i javno izražavanje svojih uvjerenja.  

### **Upravljanje vjerskim potrebama vojnika (Dušebrižnička služba):**  
1. **Zakonska osnova:**  
   - **Zakon o službi u OSRH (čl. 87.)** predviđa pružanje duhovne skrbi vojnicima, uključujući mogućnost posjeta dušobrižnika.  
   - **Pravilnik o organizaciji i načinu obavljanja službe u OSRH (NN 9/16)** detaljno regulira provođenje vjerskih potreba, uključujući rasporede bogoslužja i suradnju s crkvama.  

2. **Dnevni raspored i provedba:**  
   - Vojnici mogu zatražiti duhovnu pomoć putem zapovjednog lanca ili direktno kod kapelana.  
   - Dušobrižnička služba organizira tjedne mise, svetkovice i druge vjerske događaje prema crkvenom kalendaru.  
   - Vojnici različitih vjera imaju pravo na privatno molitveno vrijeme unutar dopuštenih sati.  

3. **Nadležno tijelo:**  
   - Za katoličku vjeru: Biskupski ordinarijat i Vojni ordinarijat RH.  
   - Za ostale vjere: Koordinacija sa službenim predstavnicima pojedinih zajednica.  

Napomena: Informacije se temelje na važećim propisima i praksi u OSRH. Slobodna vjeroispovijest uključuje i poštovanje sekularnosti postrojbe, gdje se vjerski simboli ne ističu u službenoj uniformi osim ako to dozvoljavaju pravila određene vjere.",52.3,"Sloboda vjeroispovijedi i organizacija rada dragovoljaca u Hrvatskim obrambenim snagama (HOS) uređeni su kroz više razina propisa, od Ustava Republike Hrvatske do operativnih procedura unutar postrojbi. Evo detaljnije analize:

**1. Ustavna razina (Članak 40. i 47.)**  
- Sloboda savjesti i vjeroispovijedi jamčena je svakom građaninu (Čl. 40.).  
- Prigovor savjesti dopušten je dragovoljcima koji iz vjerskih/moralnih razloga ne mogu nositi oružje, ali moraju ispunjavati alternativne dužnosti (Čl. 47.).  

**2. Zakonska razina (Zakon o službi u OSRH 2025)**  
- **Članak 12.** Definirano je da dragovoljci moraju poštovati ljudska prava i ravnopravnost, uključujući vjersku toleranciju.  
- **Članak 153.** Radni režim dragovoljaca temelji se na 24-satnoj spremnosti, s jasnim rasporedom dužnosti.  

**3. Operativna provedba (Pravilnik o službi u OSRH)**  
- U postrojbama se održavaju tjedni sastanci gdje se koordiniraju vjerske potrebe dragovoljaca (npr. mogućnost molitve, postenja itd.).  
- Postoji interni protokol za rješavanje prigovora savjesti – dragovoljac mora predati oružje i biti premješten na sigurnosne zadaće (npr. logistika).  

**Primjer iz prakse:**  
Ako muslimanski dragovoljac traži odgodu za Bajram, zapovjednik može odobriti kratkotrajni dopust uz uvjet da zamjenik preuzme njegove zadatke. Slično se rješavaju i kršćanske blagdane (Božić, Uskrs).  

**Ključna napomena:**  
Svaki slučaj se procjenjuje pojedinačno, s ciljem ravnoteže između kolektivne sprečnosti i individualnih potreba. Za dodatne informacije pogledajte **Pravilnik o provedbi Zakona o službi u OSRH** (NN 123/2023).",64.52,"Ustav Republike Hrvatske (2018.) jamči slobodu savjesti i vjeroispovijedi (Članak 40.), što znači da svi građani imaju pravo na privatno i javno ispovijedanje svoje vjere. Ova ustavna načela prenose se u svakodnevnu praksu u Oružanim snagama putem **Pravilnika o službi u Oružanim snagama Republike Hrvatske** (2025.).

### Sloboda vjeroispovijedi u svakodnevnoj provedbi:
1. **Ustav (Članak 40.):** Jamči pravo na privatno i javno ispovijedanje vjere.
2. **Pravilnik o službi u OSRH (Članak 1):** Definisan je kao temeljni akt koji uređuje službu u Oružanim snagama, uključujući prava i slobode pripadnika.
3. **Pravilnik o temeljnom vojnom osposobljavanju (Članak 10):** Predpisuje svečanu prisegu pred ministrom obrane, ali ne sadrži direktne odredbe o vjeri. Međutim, u praksi se poštuje pravo pripadnika na privatno ispovijedanje vjere.

### Raspored dnevnih aktivnosti:
Prema **Pravilniku o temeljnom vojnom osposobljavanju (Članak 16)**, ročnici imaju pravo na izlazak u slobodno vrijeme u skladu s rasporedom programa obuke. Iako se ne spominje direktno sloboda vjeroispovijedi, u svakodnevnoj provedbi:
- Vojni kapelan može pružati duhovnu potporu.
- Pridržava se načela poštovanja vjerskih potreba (npr. molitve, svetkovine).
- Vođa postrojbe mora osigurati uvjete za ispunjavanje vjerskih potreba unutar propisa.

### Zaključak:
Ustav jamči slobodu vjeroispovijedi, a Pravilnik o službi u OSRH i programi osposobljavanja omogućuju njezino poštivanje u svakodnevnoj provedbi. Vojni sustav omogućuje prilagođavanje rasporeda i pružanje potpore za vjerske potrebe, uz poštivanje načela neutralnosti države.",62.94,0.11333333333333334,0.8998745679855347,0.10149253731343283,0.8779281377792358,0.1399416909620991,0.8931304812431335,0.6705567836761475,0.6537268161773682,0.6811284422874451
13,kompleksna_pitanja_jeden_dokument,"Objasnite razlike između uporabe i korištenja Oružanih snaga prema Zakonu o obrani, uključujući tko donosi odluke u svakom slučaju.","Uporaba obuhvaća borbeno djelovanje. Odluke donose najviša tijela vlasti ovisno o situaciji: u ratnom stanju Predsjednik naređuje samostalno; u stanju neposredne ugroženosti Predsjednik uz supotpis predsjednika Vlade; za prelazak granice Sabor na prijedlog Vlade uz prethodnu suglasnost Predsjednika; za pomoć saveznicama i operacije u inozemstvu Sabor na prijedlog Vlade uz suglasnost Predsjednika. Korištenje obuhvaća neborbeno djelovanje unutar RH. Razina odlučivanja niža je i prilagođena vrsti zadaće: u katastrofama odlučuje Vlada; u velikim nesrećama, protupožarnoj zaštiti i traganju i spašavanju odlučuje ministar obrane; za pomoć policiji na granici odlučuje Vlada uz suglasnost Predsjednika.","Prema **Zakonu o obrani** (Narodne novine br. 76/05 i sl.), postoje jasne razlike između **upotrebe** i **korištenja** Oružanih snaga, kao i različiti postupci donošenja odluka ovisno o situaciji.  

### **1. Korištenje Oružanih snaga**  
- Prema **čl. 9.** Zakona, korišćenjem se podrazumijeva upotreba snaga i sredstava OSRH u miru, npr. za održavanje reda, potporu civilnim institucijama ili sudjelovanje u međunarodnim misijama.  
- Odluku o korištenju donosi **Predsjednik Republike** po preporuci Vlade (**čl. 8.**).  

### **2. Upotreba Oružanih snaga**  
- Prema **čl. 10.**, upotrebom se podrazumijeva aktivno djelovanje u ratu, izvanrednom stanju ili agresiji protiv RH.  
- U tom slučaju odluku donosi **Vlada** nakon savjetovanja s Predsjednikom i Glavnim stožerom OSRH.  

### **Ključna razlika**  
- **Korištenje** odnosi se na mirnodopsko razdoblje i redovitu provedbu zadaća.  
- **Upotreba** uključuje ratne operacije i izvanredne situacije.  

Napomena: Ova informacija temelji se na Zakonu o obrani i pripadajućim pravilnicima. Za detaljnije tumačenje potrebno je dodatno proučavati važeće propise.",43.7,"Prema **Zakonu o obrani** (2025.), pojmi ""korištenje"" i ""upotreba"" Oružanih snaga imaju različite značenjske nijanse i regulativne okvire.  

### **1. Korištenje Oružanih snaga**  
- **Definicija**: Prema **Čl. 46.**, kretanje Oružanih snaga odnosi se na njihovo aktivno angažiranje u operacijama, uključujući ratno stanje, neposrednu ugroženost ili pomoć policiji/državnim tijelima.  
- **Tko donosi odluku?**  
  - U **ratnom stanju**: Predsjednik Republike (**Čl. 47., 63.**).  
  - U **situacijama neposredne ugroženosti**: Predsjednik Republike, ali uz **supotpis predsjednika Vlade** (**Čl. 63.**).  
  - Za pomoć policiji/državnim tijelima: Vlada ili ministar obrane (**Čl. 58.**).  

### **2. Uporaba Oružanih snaga**  
- **Definicija**: Pojam je širi i uključuje opću organizaciju, disciplinu, logistiku i druge aspekte funkcioniranja OS-a, a ne nužno aktivno sudjelovanje u operacijama.  
- **Primjer iz zakona**:  
  - **Čl. 52.** definira pomoć drugim državama EU-a kao oblik ""koristjenja"".  
  - **Čl. 58.** navodi da Vlada ili ministar donose odluke o korištenju OS-a (npr. raspored postrojbi).  

### **Ključna razlika**  
- **Korištenje** = aktivno angažiranje u krizama, ratovima ili izvanrednim situacijama.  
- **Korištenje** = opće upravljanje OS-om (logistika, disciplina, pomoć policiji itd.).  

**Napomena**: Ako postoji dodatni kontekst, odgovori će biti precizniji. Ovaj odgovor temelji se isključivo na navedenim člancima Zakona o obrani.",60.26,"Prema **Zakonu o obrani** (Clanak 58), postoje dvije ključne razlike između **korištenja** i **upotrebe** Oružanih snaga:  

### 1. **Korištenje Oružanih snaga**  
- **Definicija**: Korištenje uključuje aktivaciju snaga u miru (npr. za potporu u prirodnim katastrofama, održavanje mira itd.).  
- **Tko donosi odluku?**  
  - **Vlada** ili **ministar obrane** (Clanak 58, Stavak 1).  
  - Provedba se vrši preko **zapovijedi načelnika Glavnog stožera** (Clanak 58, Stavak 3).  

### 2. **Upotreba Oružanih snaga**  
- **Definicija**: Uključuje aktivaciju snaga u ekstremnim situacijama (npr. ratno stanje, teroristički napad).  
- **Tko donosi odluku?**  
  - **Hrvatski sabor**, **Predsjednik Republike**, **predsjednik Vlade** i **ministar obrane** zajedno (Clanak 46, Stavak 1).  
  - Provedba se vrši preko **Glavnog stožera** (Clanak 46, Stavak 3).  

### Ključna razlika:  
- **""Koristiti""** = svakodnevne operacije u miru → odlučuje Vlada/ministar.  
- **""Upotrijebiti""** = krizne situacije → odlučuju višestruki akteri (Sabor, Predsjednik itd.).  

Napomena: Informacije su preuzete isključivo iz navedenih članaka Zakona o obrani.",50.47,0.12318840579710147,0.8849839568138123,0.16507936507936508,0.8792667388916016,0.12167300380228135,0.8825746774673462,0.6246458292007446,0.6568050384521484,0.6375432014465332
14,kompleksna_pitanja_jeden_dokument,Koja su prava i obveze ročnika tijekom temeljnog vojnog osposobljavanja prema Pravilniku o temeljnom vojnom osposobljavanju?,"Obveze ročnika — Življenje i rad u skladu s propisima o službi u OS-u, osposobljavanje za specijalnost 11A (strijelac), polaganje svečane prisege pred ministrom obrane te pridržavanje vojnih pravila i discipline. Financijska prava — Ročnik ostvaruje pravo na plaću ili naknadu prema Zakonu o službi te naknadu troškova prijevoza od mjesta prebivališta do mjesta osposobljavanja i natrag. Zdravstvena zaštita — Osigurano je osnovno i dopunsko zdravstveno osiguranje, osiguranje od ozljede na radu te osiguranje od nesretnog slučaja. Materijalna prava — Ročniku se osiguravaju smještaj, prehrana, vojna odora i sportska oprema. Priznanja — Najboljem ročniku naraštaja dodjeljuje se posebna značka. Uz to, ostvaruje pravo prednosti pri izboru mjesta službe u slučaju prijma u djelatnu vojnu službu.","Prema **Pravilniku o temeljnom vojnom osposobljavanju** (NN br. 9/08), ročnici imaju sljedeća prava i obveze:  

### **Obveze:**  
- Ispunjavanje svih zapovjedi nadređenih (čl. 7).  
- Aktivno sudjelovanje u obuci i vježbama (čl. 6).  
- Poštivanje reda, discipline i propisa (čl. 8).  
- Čuvanje vojne tajne (čl. 10).  

### **Prava:**  
- Pravo na zdravstvenu zaštitu i medicinski pregled (čl. 12).  
- Pravo na obrazovanje i kulturne aktivnosti (čl. 13).  
- Pravo na pritužbu protiv nepravednog postupka (čl. 14).  
- Pravo na naknadu štete ako dođe do ozljede ili smrti (čl. 15).  

Nadležno tijelo za provedbu je Ministarstvo obrane RH (čl. 1).  

*Napomena: Ova informacija temelji se isključivo na Pravilniku o temeljnom vojnom osposobljavanju.",35.08,"Prema **Pravilniku o temeljnom vojnom osposobljavanju** (Članak 18.), prava i obveze ročnika tijekom temeljnog vojnog osposobljavanja uključuju sljedeće:  

### **Prava ročnika:**  
- **Plaća ili naknada** – u iznosu određenom zakonom koji uređuje službu u Oružanim snagama.  
- **Naknada troškova javnog prijevoza** – u visini cijene karte najjeftinijeg javnog prijevoza:  
  - Pri dolasku na mjesto provedbe osposobljavanja (od prebivališta do lokacije).  
  - Pri povratku (od lokacije do prebivališta).  
- **Osnovno i dopunsko zdravstveno osiguranje**.  
- **Osiguranje od posljedica nesretnog slučaja**.  
- **Obvezno zdravstveno osiguranje za slučaj ozljede na radu**.  
- **Mogućnost izlaska izvan vojne lokacije** – u skladu s rasporedom programa osposobljavanja (npr. vikendevi, slobodni dani).  
- **Slobodno vrijeme** – unutar propisanog raspona.  
- **Smještaj i prehrana** – osigurani po standardima vojske.  
- **Vojna odora i sportska oprema** – osigurana tijekom trajanja osposobljavanja.  

### **Obveze ročnika:**  
- Svršavanje svih zadataka i aktivnosti definiranih programom osposobljavanja.  
- Poštivanje propisa i naredaba nadležnih časnika.  
- Redovno polaženi zdravstveni pregledi i psihološko ispitivanje (ako je predviđeno).  

Izvor: **Pravilnik o temeljnom vojnom osposobljavanju**, Članak 18. (NN 136/25), dostupno na [pravilnik.hr](https://www.pravilnik.",57.23,"Prema **Pravilniku o temeljnom vojnom osposobljavanju**, prava i obveze ročnika tijekom temeljnog vojnog osposobljavanja uključuju sljedeće:  

### **Prava ročnika:**  
1. **Plaća / Naknada** – Prema članku 18. Pravilnika, ročnici imaju pravo na plaću odnosno naknadu u iznosu određenom zakonom kojim se uređuje služba u Oružanim snagama.  
2. **Naknada troškova prijevoza** – Prema članku 18. Pravilnika, ročnici imaju pravo na naknadu troškova javnog prijevoza u visini cijene karte najjeftinijeg javnog prijevoza pri dolasku na mjesto osposobljavanja i povratku.  
3. **Zdravstveno osiguranje** – Prema članku 18. Pravilnika, ročnici imaju pravo na osnovno i dopunsko zdravstveno osiguranje, osiguranje od posljedica nesretnog slučaja, obvezno zdravstveno osiguranje za slučaj ozljede na radu, kao i smještaj i prehranu.  
4. **Mokra i sportska oprema** – Prema članku 18. Pravilnika, ročnici dobivaju vojnu odoru i sportsku opremu.  
5. **Izlazak izvan vojne lokacije** – Prema članku 16. Pravilnika, ročnici imaju pravo na izlazak iz vojne lokacije u skladu s rasporedom utvrđenim programom osposobljavanja.  

### **Obaveze ročnika:**  
- **Pohađanje programa osposobljavanja** – Prema članku 3. Pravilnika, ročnici moraju proći program temeljnog vojnog osposobljavanja kako bi stekli vojna znanja i vještine potrebne za službu u Oružanim snagama.  
- **Spoštivanje propisa i pravila** – Rukovnici su dužni pridržavati se svih propisa i pravila iz članka 1. Pravilnika.  

Ako vam trebaju dodatne pojedinosti, slobodno pitajte!",62.07,0.11522633744855969,0.8814619779586792,0.21864951768488744,0.8899704217910767,0.2049861495844875,0.8883167505264282,0.6436247229576111,0.6942291259765625,0.7061508893966675
15,kompleksna_pitanja_jeden_dokument,Objasnite razlike između mirnodopskog i ratnog sastava Oružanih snaga prema Zakonu o službi.,"Mirnodopski sastav — Čine ga djelatne vojne osobe, službenici i namještenici, pričuvnici pozvani na službu, ugovorni pričuvnici, kadeti te ročnici na temeljnom vojnom osposobljavanju. Veličina je određena mirnodopskim ustrojem, a svrha redovno funkcioniranje OS-a. Ratni sastav — Obuhvaća sve kategorije mirnodopskog sastava uz dodatak mobiliziranih i razvrstanih pričuvnika, nerazvrstanih pričuvnika te drugih vojnih obveznika. Veličina je određena ratnim ustrojem. Svrha je borbeno djelovanje. Prijelaz između sastava — Provodi se mobilizacijom koju naređuje Predsjednik Republike u ratnom stanju ili stanju neposredne ugroženosti. Mobilizacija može biti opća ili djelomična, a njome OS prelaze iz mirnodopskog u ratno ustrojstvo.","Prema **Zakonu o službi u Oružanim snagama Republike Hrvatske** (Narodne novine broj 76/06), razlike između mirnodopskog i ratnog sastava Oružanih snaga određene su slijedećim načinom:  

### **Mirnodopski sastav**  
- Definisan je člankom **8.** Zakona – uključuje aktivnu vojsku, pričuve i domobranstvo.  
- Sastoji se od profesionalnih vojnika, ročnih vojnika i dragovoljaca.  
- Nadzor obavlja Ministarstvo obrane RH.  

### **Ratni sastav**  
- Definisan je člankom **9.** Zakona – uključuje sve pripadnike koji mogu biti pozvani u službu tijekom rata ili izvanrednog stanja.  
- Obavlja se mobilizacijom, uključujući pričuvnike i dragovoljce.  
- Upravljanje ratnim sastavom regulirano je člankom **10.** Zakona, gdje se navodi da ratno stanje može proglasiti Vlada RH uz suglasnost Sabora.  

### **Nadležno tijelo**  
Za ratni sastav, odluka o mobilizaciji donosi **Vlada RH** (članak **10.**), dok mirnodopski sastav koordinira **Ministarstvo obrane**.  

Napomena: Ova informacija temelji se isključivo na Zakonu o službi u Oružanim snagama RH (NN 76/06).",41.97,"Prema Zakonu o službi u Oružanim snagama Republike Hrvatske, **mirnodopski** i **ratni sastav** Oružanih snaga razlikuju se po broju i vrsti osoba koje ih čine.  

### **Mirnodopski sastav**  
Sastoji se od sljedećih kategorija osoba:  
- **Djelatne vojne osobe** – profesionalno angažirane u Oružanim snagama.  
- **Službenici i namještenici** – zaposleni u Oružanim snagama.  
- **Pričuvnici pozvani na obuku** – obveznički pozvani na redovitu obuku.  
- **Ugovorni pričuvnici** – koji su sklopili ugovor o sudjelovanju u obrani.  
- **Kadeti** – polaznici vojnih škola.  
- **Rončici** – koji su završili temeljno vojno osposobljavanje.  

Izvor: [Zakon o službi u Oružanim snagama RH, Čl. 25.](https://www.zakonyproljudi.com/)  

### **Ratni sastav**  
Osim osoba iz mirnodopskog sastava, uključuje i:  
- **Mobilizirane vojne obveznice** – pozvane u aktivnu službu zbog izvanrednih okolnosti.  

Izvor: [Zakon o službi u Oružanim snagama RH, Čl. 25.](https://www.zakonyproljudi.com/)  

**Ključna razlika** je da ratni sastav uključuje dodatne resurse (mobilizirane obveznice), dok je mirnodopski sastav ograničen na profesionalce i dobrovoljce. Predsjednik Republike određuje ustroj oba sastava.  

Napomena: Informacije su preuzete iz javno dostupnih propisa.",52.21,"Prema **Zakonu o službi u Oružanim snagama Republike Hrvatske**, razlike između **mirnodopskog** i **ratnog sastava** Oružanih snaga definirane su sljedećim načinom:  

### **Mirnodopski sastav**  
- Prema **Članku 25.** Zakona, mirnodopski sastav čine:  
  - *Djelatne vojne osobe* (vojnici, časnici, dočasnici, mornari).  
  - *Službenici i namještenici* (npr. civilni zaposlenici u MORH-u).  
  - *Pričuvnici pozvani na službu*, uključujući:  
    - *Ugovorne pričuvnike*.  
    - *Kadete* (studenti vojne škole).  
    - *Ročnike* (osobe koje su prošle temeljno vojno osposobljavanje).  
  - *Osobe koje su pristupile temeljnom vojnom osposobljavanju*.  

### **Ratni sastav**  
- Prema istom članku, ratni sastav uključuje sve iz mirnodopskog sastava **plus**:  
  - *Mobilizirane vojne obveznike* (npr. ročnici koji nisu još služili).  

### Ključna razlika  
- **Mirnodopski sastav** odnosi se na stalni dio OS-a (aktivno osoblje + pričuve).  
- **Ratni sastav** uključuje i mobiliziranu narodnu gardu (vojne obveznike) u slučaju krize.  

Za dodatne detalje pogledajte **Članak 43.** Zakona o obrani, koji dodatno pojašnjava ustroj vojske.",49.0,0.12546125461254612,0.9049173593521118,0.19594594594594594,0.9130316376686096,0.2287822878228782,0.9174866676330566,0.6576763391494751,0.6556071639060974,0.6756962537765503
16,kompleksna_pitanja_jeden_dokument,Objasnite postupak i uvjete za odgodu temeljnog vojnog osposobljavanja prema Zakonu o obrani.,"Odgoda upućivanja na Temeljno vojno osposobljavanje regulirana je Zakonom o obrani i provedbenim propisima. Postupak — Zahtjev se podnosi područnom odjelu za poslove obrane u roku od 8 dana od primitka poziva, preporučenom poštom ili elektronički, uz priloženu dokumentaciju koja opravdava odgodu. Razlozi za odgodu — Školovanje: kandidat upisan na visoko učilište može podnijeti zahtjev svake akademske godine, najdulje do kraja godine u kojoj navršava 29 godina. Obiteljski razlozi: smrt člana uže obitelji ili situacija u kojoj bi upućivanje obitelj dovelo u težak položaj. Odlučivanje — Područni odjel donosi rješenje u upravnom postupku kojim se utvrđuje konkretan rok odgode. Protiv rješenja moguća je žalba i pokretanje upravnog spora.","Prema **Zakonu o obrani** (Narodne novine broj 76/05 i izmjene), postupak i uvjeti za odgodu temeljnog vojnog osposobljavanja regulirani su člancima 89., 90. i 91.  

### **Postupak za odgodu:**  
1. **Članak 89.** – Osoba koja želi odgodu mora podnijeti zahtjev nadležnom tijelu najkasnije **30 dana prije roka za polazak na osposobljavanje**.  
2. **Članak 90.** – Zahtjev se prosljeđuje zapovjedniku postrojbe ili ustanove gdje bi se trebalo provesti osposobljavanje.  
3. **Članak 91.** – Povjerenstvo osniva zapovjednik postrojbe radi ocjenjivanja opravdanosti odgođenog razloga (npr. obrazovanje, zdravstveno stanje).  

### **Uvjeti za odgodu:**  
- **Obrazovanje:** Ako osoba pohađa fakultet, strukovnu školu ili poslijediplomski studij, može zatražiti odgodu dok završi studij.  
- **Zdravstveni razlozi:** Ako postoji medicinska indikacija (npr. kronična bolest), potrebna je potvrda liječnika.  
- **Društveni razlozi:** Npr. skrb o teškoj bolesnoj osobi ili skrbi o maloljetnoj djeci.  

### **Nadležno tijelo:**  
- **Zapovjednik postrojbe** donosi odluku nakon preporuke povjerenstva.  

Napomena: Ova informacija temelji se na člancima Zakona o obrani koji reguliraju odgodu osposobljavanja. Za detaljnije upute preporučuje se kontaktirati **Hrvatske oružane snage** ili **MUP RH**.",52.39,"Prema **Zakonu o obrani** (NN 136/25), postupak i uvjeti za odgodu temeljnog vojnog osposobljavanja regulirani su u **Članku 21.**  

### **Postupak za odgodu:**  
1. **Podnošenje zahtjeva:**  
   - Zahtjev se podnosi **nadležnom područnom odjelu za poslove obrane** u roku od **osam dana** od dana primitka poziva za temeljno vojno osposobljavanje.  
   - Može se podnijeti **osobno, preporučenom pošiljkom ili elektroničkim putem**.  

2. **Dodatni dokumenti (ovisno o razlogu odgode):**  
   - Smrt u obitelji → **izvadak iz matice umrlih**.  
   - Zapošljavanje → **potvrda o radu, rješenje o radnom odnosu ili potvrda o osiguranju**.  
   - Oslobađanje zbog skrbi za ovisnu osobu → **potvrda suda ili socijalne skrbi**.  
   - Vjenčanje → **potvrda o zakazanom braku**.  
   - Trudnoća supruge → **dokaz o trudnoći**.  

### **Uvjeti za odgodu:**  
- **Do 30. lipnja godine u kojoj navrši 29 godina** (ako se odgodi zbog toga).  
- **Obiteljski razlozi:**  
  - Ako u kući nema privrjeditelja → **do 31. prosinca godine u kojoj navrši 29 godina**.  
  - Ako skrbi za ovisnu osobu → **do 30. lipnja godine u kojoj navrši 29 godina**.  
- **Sportska karijera:**  
  - Za sportaše na međunarodnim natjecanjima → **do 30. rujna godine u kojoj navrši 29 godina**.  
- **Ostali razlozi:**  
  - Vjenčanje → **maksimalno 3 mjeseca odgode**.  
  - Rizik od katastrofe u obitelji → **do 12 mjeseci**.  

### **Kraj odgode:**  
- Rok za odgodu mora se navesti u odluci (dana, mjesec, godina).  
- Ako se razlog odgode promijeni (npr. brak se otkaže), potrebno je podnijeti novi zahtjev.  

Ako želite detaljnije objašnjenje nekog dijela, slobodno pitajte!",71.34,"Prema **Zakonu o obrani** (NN 136/25), članak 25.a definira uvjete i postupak za odgodu temeljnog vojnog osposobljavanja. Evo ključnih elemenata:  

### **1. Opći uvjeti za odgodu**  
Ročnik može dobiti odgodu ako ispunjava barem jedno sljedeće:  
- **Bolest** – do oporavka (potrebna liječnička potvrda).  
- **Situacija u kućanstvu** – npr. smrt člana obitelji, teška bolest člana kućanstva, neodgodivi poslovi (npr. poljoprivreda) itd. (potrebni dokazi poput potvrde škole, certifikata za poljoprivredu).  
- **Akademsko obrazovanje** – ako je sprečan polaganje ispita ili završetak godine (potvrda fakulteta).  
- **Planirano vjenčanje** – do datuma vjenčanja.  
- **Rodiljni/roditeljski dopust** – za muškarce (potvrda HZZO-a).  

### **2. Postupak za dobivanje odgode**  
1. **Podnesite zahtjev** – putem obrasca dostupnog na područnom odjelu za poslove obrane.  
2. **Priložite dokaze** – ovisno o razlogu (liječnička potvrva, potvrda fakulteta, certifikat poljoprivrede itd.).  
3. **Prihvata odluka** – Ministarstvo obrane donosi odluku najkasnije 40 dana prije roka osposobljavanja (članak 7. Pravilnika o temeljnom vojnom osposobljavanju).  

### **3. Trajanje odgode**  
Trajanje ovisi o razlogu:  
- Do oporavka (bolest).  
- Dok traje situacija u kućanstvu (npr. do kraja godine za studente).  
- Do datuma vjenčanja.  

Za detaljnije informacije pogledajte **članak 25.a Zakona o obrani** i **pravilnik o temeljnom vojnom osposobljavanju**.",61.74,0.11960132890365449,0.9112037420272827,0.24657534246575344,0.9028014540672302,0.13455657492354742,0.9109158515930176,0.6685747504234314,0.6692458391189575,0.6484413743019104
17,kompleksna_pitanja_jeden_dokument,"Objasnite cjelovit sustav unutarnje sluzbe u vojnom objektu prema Pravilniku o sluzbi u OSRH - koje funkcije obuhvaca, tko se na njih rasporeduje i tko je izuzet.","Unutarnja sluzba organizira se neprekidno radi osiguranja rada, zastite ljudi, objekata i sredstava, a obuhvaca osiguranje objekata (straza i strazarska sluzba), nadzorno-propusnu sluzbu, dezurstvo i protupozarnu sluzbu. Na duznosti se u pravilu odreduju vojne osobe, iznimno i drzavni sluzbenici i namjestenici za nadzorno-propusnu i protupozarnu sluzbu. Izuzimaju se dusobriznici i trudnice, a djelatnici vojno-obavjestajnog roda ne rasporeduju se; pojedinci mogu biti privremeno oslobodeni na ocjenu vojnog lijecnika. Majka s djetetom do tri godine i samohrani roditelj s djetetom do sest godina mogu se odrediti samo uz osobni pristanak. Osoba se o duznosti obavjestava najkasnije sedam dana prije.","Prema **Pravilniku o službi u Oružanim snagama Republike Hrvatske (Narodne novine br. 97/06)**, unutarnja služba u vojnom objektu obuhvaća niz funkcija usmjerenih na održavanje reda, sigurnosti i funkcioniranja objekta.  

### Funkcije unutarnje službe uključuju:  
1. **Nadzor ulaza i izlaza** – osiguranje pristupa objektima i osoba.  
2. **Bezbednosno motrenje** – praćenje područja objekta radi sprječavanja opasnosti.  
3. **Goruća i požarna sigurnost** – kontrola dimnjaka, ventilacijskih kanala i protupožarnih uređaja.  
4. **Redovno čišćenje i održavanje** – čistoća prostorija i infrastrukture.  
5. **Logistička podrška** – zbrinjavanje otpada, opskrbljivanje vodom i energijom.  

### Raspodjela dužnosti:  
- **Časnici i dočasnici** zaduženi su za koordinaciju i nadzor.  
- **Mornari/vojnici** izvršavaju operativne zadaće (npr. nadzor, čišćenje).  
- **Strojarski tehničari** bave se tehničkim aspektima (ventilacija, grijanje).  

### Izuzimanja:  
- **Zapovjednik postrojbe** može osloboditi određene jedinice od unutarnje službe ako postoji opravdan razlog (npr. intenzivna priprema za misiju).  
- **Invalidi rata ili vojne osobe s invaliditetom** mogu biti izuzeti ako zdravstveno stanje to onemogućuje.  

Za detaljnije upute pogledajte **Pravilnik o službi u OSRH, članak 8.** (Detalji o internim procedurama).",52.59,"Prema **Pravilniku o službi u Oružanim snagama Republike Hrvatske** (dalje: Pravilnik), unutarnja služba u vojnom objektu obuhvaća niz funkcija usmjerenih na održavanje reda, sigurnosti i funkcioniranja objekta.  

### **Funkcije unutarnje službe:**  
1. **Čuvanje objekta** – osiguravanje sigurnosti prostora, kontrola pristupa i prevencija neželjenih događaja.  
2. **Redarstvena služba** – nadzor provoza, parkirališta i javnih površina unutar objekta.  
3. **Protokoli i organizacija** – vođenje evidencije posjetitelja, upravljanje dozvolama i sigurnostnim pregledima.  
4. **Sanitarna služba** – održavanje higijene i sanitarnih standarda.  
5. **Tehnološki nadzor** – praćenje sustava alarmiranja, videonadzora i drugih sigurnosnih uređaja.  

### **Koji se raspoređuju na te funkcije?**  
Prema **Članku 6.** Pravilnika, na ove funkcije se raspoređuju:  
- **Djelatne vojne osobe** (vojnici, časnici).  
- **Službenici** (osobe sa stručnim znanjima za administrativne, tehničke ili logističke poslove).  
- **Namještenici** (pomoćno osoblje za fizičke poslove).  

Za određene zadatke (npr. vođenje evidencije, tehnički nadzor), predviđeno je da ih obavljaju kvalificirani službenici ili namještenici.  

### **Izuzetci:**  
- Prema **Članku 224.** Pravilnika, službenici i namještenici koji su bili raspoređeni na dužnosti djelatnih vojnih osoba prije stupanja na snagu novog zakona moraju se preustrojiti na odgovarajuće ustrojbene funkcije (npr. službenici umjesto vojnika) u roku od 9 mjeseci.  
- Za određene specijalne zadatke (npr. protupožarna zaštita) mogu se angažirati i vanjski pružatelji usluga ako to zahtijevaju razini rizika.  

Izvor: *Pravilnik o službi u Oružanim snagama Republike Hrvatske* (NN 73/13, 125/19, 136/25), posebno **Članak 6., 224.",69.53,"Prema **Pravilniku o službi u Oružanim snagama Republike Hrvatske** (OSRH), unutarnja služba u vojnom objektu obuhvaća niz funkcija usmjerenih na održavanje reda, discipline, sigurnosti i funkcioniranja objekta. Evo ključnih elemenata sustava unutarnje službe:

### **Funkcije unutarnje službe:**
1. **Nadzor i kontrola pristupa**  
   - Zaštita ulaza/izlazaka objekta.  
   - Provjera identiteta posjetitelja i vozila.  
   - Nadzor ograničenih zona (npr. skladišta oružja, komunikacijski centri).  

2. **Bezbednosna služba (BDS)**  
   - Patruljiranje unutar objekta.  
   - Reakcija na incidente (požar, provaljenje, sukobi).  
   - Uporaba tehničkih sredstava (kamere, alarmi).  

3. **Administrativne zadaće**  
   - Vođenje evidencije zaposlenih i posjetitelja.  
   - Organizacija protokola za događaje u objektu.  

4. **Sanitarna i higijenska kontrola**  
   - Osiguranje čistoće prostorija.  
   - Kontrola prehrambenih standarda (ako je riječ o kantinama).  

5. **Logistička podrška**  
   - Upravljanje inventarom (oružje, oprema).  
   - Organizacija transporta unutar baze.  

### **Tko se raspodeljuje na ove zadatke?**  
- **Djelatne vojne osobe (vojnici, dočasnici):** Glavnina zadataka BDS-a i nadzora.  
- **Službenici i namještenici (civilni osoblje):** Administrativne, logističke i sanitarne zadaće.  
- **Posebni timovi:** Sanitetsko osoblje, tehničari za alarmne sustave itd.  

### **Izuzetci od unutarnje službe:**  
- **Visoki časnici i zapovjednici:** Obično imaju vlastite asistente za protokol.",63.79,0.09621993127147767,0.8711549043655396,0.08310249307479224,0.86698317527771,0.0808080808080808,0.8638732433319092,0.6275177597999573,0.6245328187942505,0.6190658211708069
18,kompleksna_pitanja_jeden_dokument,"Detaljno opisite postupak podnosenja i rjesavanja molbi, prituzbi i prigovora prema Pravilniku o sluzbi u OSRH, ukljucujuci rokove i ogranicenja.","Pripadnik OS moze nadredenom usmeno upucivati ili pisano podnositi molbe, prituzbe i prigovore. Molbu primljenu u pisanom obliku nadredeni rjesava najzurnije, a najkasnije u roku od 15 dana; ako nije nadlezan, u roku od pet dana prosljeduje je nadleznom tijelu i obavjestava podnositelja. Prituzba protiv nadredenog podnosi se iskljucivo pisano, najkasnije u roku od tri dana od dogadaja, a nadredeni protiv kojeg je podnesena ne smije je sam rjesavati nego je salje visem nadredenom. Skupne prituzbe nisu dopustene - svatko podnosi zasebno i osobno je obrazlaze. Prituzba se moze povuci prije odluke, a svjesno neosnovana ponovljena prituzba povlaci posljedice.","Postupak podnosenja i rješavanja molbi, pritužbi i prigovora prema **Pravilniku o službi u Oružanim snagama Republike Hrvatske (Narodne novine br. 97/06)** reguliran je u poglavljima koja se odnose na unutarnje postupke i upravljanje zaposlenicima.  

### **Molbe**  
1. **Podnošenje** – Molba se podnosi pismeno ili elektronski nadređenom rukovoditelju ili nadležnom tijelu unutar roka od 8 radnih dana nakon primitka odluke koju podnositelj želi ispraviti.  
2. **Rokovi** – Na molbu mora biti odgovoreno najkasnije u roku od 15 radnih dana od njezina zaprimanja.  
3. **Obradnja** – Ako se zahtjev ne ispuni, podnositelj može podnijeti prigovor nadređenom tijelu.  

### **Priruži**  
1. **Podnošenje** – Prigovor se podnosi pismeno ili elektronski nadležnom tijelu u roku od 8 radnih dana nakon primitka odluke koju podnositelj smatra nepravednom.  
2. **Rokovi** – Na prigovor mora biti odgovoreno najkasnije u roku od 15 radnih dana od zaprimanja.  
3. **Obradnja** – Ako se prigovor ne usvoji, podnositelj može podnijeti žalbu Upravnom sudu RH.  

### **Žalba Upravnom sudu**  
1. **Podnošenje** – Žalba se podnosi u roku od 15 radnih dana nakon primitka konačne odluke.  
2. **Rokovi** – Upravni sud mora donijeti odluku u roku od 30 radnih dana od zaprimanja žalbe.  

### **Navedena ograničenja**  
- Pravo na podnošenje molbi i prigovora imaju samo aktivni i pričuvni pripadnici OSRH.  
- Postupci se vode prema internim pravilnicima i Zakonu o službi u OSRH (NN 97/06).  

Napomena: Ova informacija temelji se na općem znanju o hrvatskom vojnom zakonu.",63.07,"Prema **Pravilniku o službi u Oružanim snagama Republike Hrvatske** (PSOSRH), postupak podnosenja i rješavanja molbi, pritužbi i prigovora reguliran je slijedećim načinom:  

### **1. Postupak podnosenja molbi, pritužbi i prigovora**  
- **Molbe** (npr. za dopust, premještaj, mirovinu itd.) podnose se pisano nadležnoj ustanovi unutar roka navedenog u posebnim pravilnicima.  
- **Priruži** (npr. protiv nepravednog ocjenjivanja, sankcija) moraju sadržavati:  
  - Podatke podnositelja;  
  - Osnovu prigovora;  
  - Dokaznu osnovu (npr. dokumente).  
- **Prigovori** (npr. protiv rješenja o stavljanju na raspolaganje, udaljenju iz službe) podnose se u skladu sa zakonom i PSOSRH-om.  

### **2. Rokovi**  
- Za **molbe** i **prigovore** prema PSOSRH-u obično vrijede rokovi od **15 do 30 dana** od primitka rješenja ili obavijesti.  
- Za **žalbu protiv rješenja o stavljanju na raspolaganje** (čl. 65 ZSOŠRH): **15 dana** od dostave rješenja.  
- Za **odgodu osposobljavanja** (čl. 25–27 ZOro 2025): **8 dana** od primitka poziva ili nastanka razloga.  

### **3. Ogranicljenja**  
- **Žalba** protiv odluke o odmicanju iz službe (čl. 70 ZSOŠRH) ne odgađa izvršenje.  
- **Protiv odluka o odgodi osposobljavanja** (čl. 25 ZOro 2025) **nije dopuštena žalba**, ali se može pokrenuti **upravni spor** pred Visokim upravnim sudom RH u roku od **90 dana**.  
- **Zaštita prava** ostvaruje se putem **Visokog upravnog suda RH** ako je to predviđeno zakonom (npr. čl. 25, 27, 70 ZOro 2025).  

### **Nadležna tijela**  
- **Ministarstvo obrane** (za žalbe po čl. 65 ZSOŠRH).  
- **Područni odjeli za poslove obrane** (za odgode osposobljavanja – čl. 25 ZOro 2025).",77.13,"Postupak podnosenja i rješavanja molbi, pritužbi i prigovora prema **Pravilniku o službi u Oružanim snagama Republike Hrvatske** (dalje: Pravilnik) reguliran je u člancima 21., 214. i 21.a. Evo detaljnog opisa:

### **1. Molbe**  
- **Podnositelj**: Vojna osoba može podnijeti molbu nadređenoj osobi u pismenom obliku.  
- **Predmet**: Pitanja iz rada i života u ustrojstvenoj jedinici OSRH (npr. premestka, dopusta, obrazovanja).  
- **Obveza nadređenog**: Nadređeni mora dati odgovor na molbu u roku od **15 radnih dana** od primitka.  
- **Izvršavanje naredaba**: Podnošenje molbe ne umanjuje obvezu izvršavanja zapovjedi, osim ako je to zabranjeno člankom 17. stavkom 2. Zakona o službi u OSRH.  

### **2. Prigovori**  
- **Temelj**: Vojna osoba može podnijeti prigovor protiv nadređene osobe ako smatra da je prekršen Zakon o službi u OSRH ili drugi propisi.  
- **Postupak**: Prigovor se podnosi nadređenom rukovoditelju, koji ga prosljeđuje nadležnom tijelu za rješavanje (npr. Upravitelju ustrojbene jedinice).  
- **Rok**: Rješenje se mora dostaviti u roku od **30 radnih dana** od zaprimanja prigovora.  
- **Nadležno tijelo**: Za pojedinačne slučajeve nadležan je rukovodioac ustrojbene jedinice, a za višestruke ili kompleksnije slučajeve – Ministarstvo obrane.  

### **3. Prigovori protiv odluka u upravnom postupku**  
Prema članku 214. Zakona o službi u OSRH:  
- **Odluke**: Dotiču prijem u službu, prestanak službe, mirovinska prava itd.",63.59,0.13529411764705884,0.8870344758033752,0.09714285714285714,0.8733102083206177,0.13580246913580246,0.8889232873916626,0.6470237970352173,0.634727954864502,0.6449121832847595
19,kompleksna_pitanja_jeden_dokument,Objasnite obveze pripadnika Oruzanih snaga tijekom i nakon oruzanog sukoba te u zarobljenistvu prema Pravilniku o sluzbi u OSRH.,"Tijekom sukoba pripadnici su duzni izvrsavati duznosti svim snagama i postivati medunarodno ratno i humanitarno pravo, osobito stiteci stanovnistvo, zdravstveno i vjersko osoblje, ranjenike i zarobljenike te kulturna dobra. Zabranjeno je napustanje polozaja i odbijanje duznosti; odvojene osobe prikljucuju se najblizoj postrojbi. Nakon sukoba zapovjednici preustrojavaju i popunjavaju postrojbu te se provodi identifikacija i pokapanje poginulih i asanacija terena. U zarobljenistvu osoba priopcava samo ime, prezime, cin, datum rodenja i maticni broj, postupa po medunarodnom pravu i ne smije davati podatke stetne za OS; sa zarobljenicima se postupa covjecno, bez zlostavljanja.","Prema **Pravilniku o službi u Oružanim snagama Republike Hrvatske (Narodne novine br. 97/06)**, članku 8., pripadnici OSRH imaju sljedeće obveze:  

1. **Tijekom oružanog sukoba**:  
   - Slijede zapovjedi nadređenih i pravila ratovanja (članak 8. stavak 1.).  
   - Ne smiju sudjelovati u zlodjelima protiv ljudnosti ili ratnim zločinima (članak 8. stavak 2.).  

2. **Nakon sukoba**:  
   - Ispunjavaju dužnosti prema zakonu i internim propisima (npr. povratak na redovni posao, ako nisu demobilizirani).  
   - U slučaju povrede pravila službe, podliježu disciplinskom postupku (članak 8. stavak 3.).  

3. **U zarobljenštvu**:  
   - Prema međunarodnom pravu (Haška pravila), moraju se odnositi prema zarobljenicima humanitarno.  
   - Pridržavaju se propisa zarobljeništva do oslobođenja (npr. članak 11. Pravilnika o službi u OSRH).  

**Napomena**: Informacije su izlučne iz važećeg hrvatskog zakonodavstva i Pravilnika o službi u OSRH. Za dodatne detalje pogledajte članke 8. i 11. navedenog Pravilnika.",42.67,"Prema **Pravilniku o službi u Oružanim snagama Republike Hrvatske** (OSRH), obveze pripadnika OSRH tijekom i nakon oružanog sukoba te u zarobljenistvu regulirane su slijedećim načinom:  

### **Tijekom oružanog sukoba:**  
- **Dostojno predstavljanje RH** – Pridržavanje Ustava i zakona RH, međunarodnog ratnog i humanitarnog prava (čl. 167. ZSORH).  
- **Postupci u slučaju nestanka** – Ako izgube kontakt s nadređenima više od 48 h, smatraju se privremenim nestalima (čl. 74.).  
- **Osiguranje zdravlja i sigurnosti** – Provedba preventivnih mjera zaštite zdravlja i čuvanje materijalnih sredstava (čl. 167.).  
- **Klasifikacija podataka** – Tajnost klasefciranih informacija mora se osigurati (čl. 167.).  

### **Nakon sukoba / Nakon povratka:**  
- **Plaća i naknade** – Pravo na plaću i dnevnice čak i nakon povratka ako je bolest nastala uslijed službe (čl. 162.).  
- **Izbjegavanje kaznenih prijestupa** – Kazniva djela protiv mira, ljudskosti ili ratnog prava kažnjivi su po nacionalnom pravu (čl. 167.).  

### **U zarobljenistvu:**  
- **Pravni status** – Prema međunarodnom pravu, zarobljenik ima pravo na ljudsko tretiranje (npr. Ženevska konvencija).  
- **Financijska potpora** – Obitelj može primati naknadu dok zarobljenik nije oslobođen (čl. 74., sl.)  

Izvor: **Članci 161.–167., 74., 162. i 73./13 ZSORH**.  
*Napomena: Informacije su temeljene na važećem zakonu (2025).",59.85,"Prema **Pravilniku o službi u Oružanim snagama Republike Hrvatske**, obveze pripadnika Oružanih snaga (OSRH) tijekom i nakon oružanog sukoba te u zarobljenistvu regulirane su sljedećim načinom:

### **Tijekom oružanog sukoba:**
1. **Dužnosnici moraju poštovati međunarodno vojno i humanitarno pravo** (čl. 40 ZOO):  
   - Ne smiju izvršavati naredbe koje su u suprotnosti s Ustavom ili međunarodnim pravom.  
   - Svi pripadnici OSRH jednakopravni su, bez obzira na spol, vjeru itd. (čl. 40).  

2. **Osiguranje komunikacijskih usluga** (čl. 112 ZOO):  
   - Pravne osobe koje pružaju komunikacijske usluge moraju ih ustupiti OSRH-u ako postoji neposredna ugroženost.  

3. **Temeljno vojno osposobljavanje** (čl. 16 Pravilnika):  
   - Ročnici imaju pravo na izlazak iz vojne lokacije u slobodno vrijeme, ali samo prema rasporedu.  

### **Nakon sukoba / Nakon oslobađanja iz zarobljeništva:**
1. **Mirovine službe** (čl. 74 ZOO):  
   - Ako pripadnik izgubi kontakt s nadređenima >48 h, smatra se privremeno nestalim.  
   - Članovi obitelji dobivaju naknadu plaće do njegovog povratka ili potvrde smrti.  

2. **Zdravstveno osiguranje** (čl. 38 ZOO):  
   - Troškovi liječenja ozljeda/bolesti stečenih u sukobu pokrivaju se do oporavka ili dok se ne utvrdi invaliditet.  

3. **Kazneno-pravna odgovornost** (čl. 169 ZOO):  
   - Za svako 5 mjeseci u inozemstvu pripadnik ima pravo na 10-dnevni plaćeni dopust nakon povratka.",63.65,0.0823045267489712,0.8844558000564575,0.11764705882352941,0.8733729124069214,0.08469055374592833,0.865128755569458,0.6144642233848572,0.6304283738136292,0.641991913318634
20,kompleksna_pitanja_jeden_dokument,"Detaljno opisite sustav i vrste uzbune prema Pravilniku o sluzbi u OSRH - koje vrste postoje, tko ih zapovijeda i sto obuhvaca uputa za borbenu uzbunu.","Cilj uzbune je dovodenje postrojbe na potreban stupanj spremnosti prikupljanjem u planiranom vremenu na mjestima za uzbunu, gdje se dijeli streljivo i oprema te provjerava brojno stanje. Uzbuna moze biti borbena, mobilizacijska, zbog prirodnih/tehnicko-tehnoloskih/ekoloskih nesreca te radi obuke, uvjezbavanja i provjere. Signal za borbenu uzbunu jedinstven je i propisuje ga ministar obrane; mobilizacijsku uzbunu zapovijeda zapovjednik postrojbe s pricuvnim sastavom ili ovlasteno dezurno tijelo, a provodi se prema pravilniku o mobilizaciji. Uputa za borbenu uzbunu odreduje tko je zapovijeda, signal, duznosti dezurnih, nacin obavjescivanja, postupak pojacavanja straze, mjesta za uzbunu i redoslijed izlaska, organizaciju obrane i potpore te signal za prestanak.","Prema **Pravilniku o službi u Oružanim snagama Republike Hrvatske (OSRH)**, sustav uzbuni podijeljen je u nekoliko vrsta ovisno o ozbiljnosti situacije i potrebnoj reakciji snaga.  

### **Vrste uzbune:**  
1. **Redovna uzbuna** – Najčešća, uključuje redovitu kontrolu i pripravnost postrojbi.  
2. **Borbena uzbuna** – Izvodi se kada postoji izravna prijetnja ili ratno djelovanje.  
3. **Krizna uzbuna** – Primjenjuje se u slučaju izvanrednih situacija (npr. prirodne katastrofe).  
4. **Posebna uzbuna** – Za specifične zadaće (npr. sudjelovanje u međunarodnim operacijama).  

### **Tko zapovijeda uzbunom?**  
- **Glavni zapovjednik OSRH** (predstavlja Vlada RH) može proglasiti nacionalnu uzbunu.  
- **Zapovjednici rodova OSRH** (kopnene, zračne, pomorske snage) mogu izdavati lokalne uzburne naredbe.  
- **Zapovjednici postrojbi** (brigade, pukovnije itd.) izvršavaju uzbune unutar svoje strukture.  

### **Uputstvo za borbenu uzbunu:**  
Ako se izdaje **borbena uzbuna**, slijede se sljedeći koraci:  
1. **Neposredno slanje naredbe** putem komunikacijskih sredstava (radijski, digitalni sustavi).  
2. **Priprema opreme i streljiva** – Vojnici moraju biti spremni za brzo pokretanje.  
3. **Iskazivanje na položaj** – Postrojbe kreću prema zadanim točkama.  
4. **Potvrda spreme** – Zapovjednik mora potvrditi da su svi elementi postrojbe prisutni.  

Izvor: **Pravilnik o službi u Oružanim snagama Republike Hrvatske (Narodne novine br. 97/06 i dopune)**.",63.01,"Prema **Pravilniku o službi u Oružanim snagama Republike Hrvatske** (Narodne novine), sustav uzbuni u OSRH uključuje sljedeće vrste uzbune:  

### **1. Borbena uzbuna**  
- **Kdo ju zapovijeda?**  
  - Za postrojbe: zapovjednik postrojbe (npr. zapovjednik bojne, satnije).  
  - Za ustrojavanje snaga: načelnik Glavnog stožera ili ministar obrane.  
- **Što obuhvaća uputa?**  
  - Aktivaciju svih sustava za brzo reagiranje.  
  - Pripremu borbene tehnike, streljiva i opreme.  
  - Spajanje postrojbi u određene formacije.  
  - Preuzimanje kontrolnih točaka i ključnih objekata.  

### **2. Obavještajna uzbuna**  
- **Kdo ju zapovijeda?**  
  - Zapovjednici postrojbi ili specijalizirani centri (npr. sigurnosno-informativni centar).  
- **Što obuhvaća uputa?**  
  - Aktivaciju nadzornih i komunikacijskih sredstava.  
  - Prikupljanje i analizu podataka o neprijatelju.  
  - Izradu operativnih procjena.  

### **3. Tehnička uzbuna**  
- **Kdo ju zapovijeda?**  
  - Zapovjednici postrojbi ili tehnički timovi.  
- **Što obuhvaća uputa?**  
  - Pripremu borbene tehnike (oružja, vozila, elektroničkih sredstava).  
  - Testiranje sustava za navigaciju, komunikaciju i protuzračne obranu.  

### **4. Logistička uzbuna**  
- **Kdo ju zapovijeda?**  
  - Zapovjednici postrojbi ili logistički centri.  
- **Što obuhvaća uputa?**  
  - Napunjavanje zaliha streljiva, goriva i hrane.  
  - Pripremu transporta i medicinskog osiguranja.  

### **5. Medicinska uzbuna**  
- **Kdo ju zapovijeda?**  
  - Zapovjednici postrojbi ili medicinski timovi.  
- **Što obuhvaća uputa?**  
  - Pripremu sanitetskih sredstava i evakuacijskih kapaciteta.  
  - Osiguranje prve pomoći i hitne hospitalizacije.  

### **6. Psihološko-informativna uzbuna**  
- **Kdo ju zapovijeda?**  
  - Zapovjednici postrojbi ili psihološki timovi.",77.08,"Prema **Pravilniku o službi u Oružanim snagama Republike Hrvatske** (OSRH), sustav i vrste uzbune definiraju se kako slijedi:  

### **1. Vrste uzbune**  
U OSRH postoje sljedeće vrste uzbune:  
- **Mirnodopska uzbuna** – uključuje redovite vježbe, inspekcije i pripreme za mirnodopsku službu.  
- **Borbena uzbuna** – aktivira se u slučaju stvarne ugroze države (npr. agresija, terorizam).  
- **Mobilizacijska uzbuna** – poziv pričuvnika i dragovoljaca u slučaju eskalacije krize.  
- **Specijalne uzbune** – poput nuklearne, kemijske, biološke ili ekološke ugroze (CBRN).  

### **2. Kome pripada zapovjedništvo?**  
- **Ministar obrane** može proglasiti opću mobilizaciju.  
- **Glavni stožer OSRH** (predsjednik GS) donosi odluke o razinama uzbune.  
- **Teritorijalni zapovjednici** (regionalni šefovi) aktiviraju lokalne uzbune.  

### **3. Što uključuje uputa za borbenu uzbunu?**  
Ako se objavi **borbena uzbuna**, slijede ove korake:  
1. **Obavijest građana** putem medija, SMS-a i sirena.  
2. **Pripreme postrojbi** – brzo preuzimanje položaja, opskrba streljivom i gorivom.  
3. **Izvješćivanje** – zapovjednici moraju potvrditi status postrojbi.  
4. **Zaštitne mjere** – evakuacija civilnog stanovništva, blokiranje ključnih objekata.  
5. **Koordinacija s EU i NATO-om** – ako je potrebno.  

Izvor: **Pravilnik o službi u OSRH**, članci vezani za upravljanje krizama i protokole uzbune.",58.96,0.09966777408637875,0.8754052519798279,0.0996884735202492,0.8746852278709412,0.10702341137123747,0.8731065988540649,0.642874538898468,0.6317844986915588,0.6472951173782349
21,jednostavna_pitanja,Kada nastaje vojna obveza za državljane Republike Hrvatske?,Vojna obveza nastaje u kalendarskoj godini u kojoj državljanin Republike Hrvatske navršava 18 godina života.,"Vojna obveza za građane Republike Hrvatske počinje rođenjem djeteta muškog spola (muškarci). Prema članku **6.** Zakona o vojnoj obvezi (Narodne novine br. 98/07), muškarci su dužni služiti vojnu obvezu od 18. do 30. godine života. Međutim, prema članku **7.** istog zakona, rok započinjanja vojne obaveze može se produžiti ili skratiti ovisno o potrebama vojske.  

Za dodatne informacije pogledajte članak **1.** Pravilnika o provedbi Zakona o vojnoj obvezi (NN br. 112/07) koji detaljnije regulira postupak utvrđivanja početka vojne obaveze.  

Napomena: Ova informacija temelji se na Zakonu o vojnoj obvezi i pripadajućim pravilnicima. U slučaju promjene zakona, potrebno je provjeriti najnoviju verziju propisa.",26.35,"Vojna obveza za državljane Republike Hrvatske **nastupa u kalendarskoj godini u kojoj navršavaju 18 godina života**, prema članku 19. Zakona o obrani (NN 73/13, 30/18, 136/25).  

Napomena: Ova informacija temelji se isključivo na dostupnom kontekstu.",10.53,"Vojna obveza za državljane Republike Hrvatske **nastupa u kalendarskoj godini u kojoj navršavaju 18 godina života** [Zakon o obrani 2025, Članak 19].  

Napomena: Ova informacija temelji se isključivo na dostupnim dokumentima.",8.77,0.08823529411764705,0.9124395847320557,0.3793103448275862,0.9415345191955566,0.4313725490196078,0.9461238384246826,0.6438993215560913,0.7664012312889099,0.7748513221740723
22,jednostavna_pitanja,Koliko traje temeljno vojno osposobljavanje?,Temeljno vojno osposobljavanje traje dva mjeseca.,"Temeljno vojno osposobljavanje u Hrvatskoj traje **60 dana**.  

Izvor: *Zakon o vojnim obvezama* (čl. 78).  
Dodatno, Pravilnik o provedbi Zakona o vojnim obvezama (NN 9/04) detaljnije regulira trajanje i sadržaj osposobljavanja.  

Napomena: ako se radi o profesionalcima ili pričuvnicima, rok može varirati ovisno o kategoriji.",13.51,"Temeljno vojno osposobljavanje traje dva mjeseca. (Izvor: Zakon o obrani 2025, članak 21., stavak 2.",5.14,"Temeljno vojno osposobljavanje traje **30 dana**.  

Izvor: [Pravilnik o temeljnom vojnom osposobljavanju, Članak 20](https://pravilnikik.pravactv.",11.03,0.14545454545454545,0.8865629434585571,0.5714285714285715,0.9587410688400269,0.3478260869565218,0.907921314239502,0.698005199432373,0.8226765394210815,0.7359166145324707
23,jednostavna_pitanja,Tko je vrhovni zapovjednik Oružanih snaga Republike Hrvatske?,Predsjednik Republike Hrvatske je vrhovni zapovjednik Oružanih snaga Republike Hrvatske.,"Prema **Zakonu o obrani** (Narodne novine br. 97/02), **Sabor Republike Hrvatske** ima ulogu vrhovnog zapovjednika Oružanih snaga RH. Međutim, u praksi, predsjednik Vlade RH obavlja funkciju vrhovnog zapovjednika kada Sabor ne zasjeda ili prema odluci Sabora.  

Detaljnije:  
- Članak 6. Zakona o obrani: *""Vrhovno zapovjedništvo Oružanih snaga Republike Hrvatske obavlja Vlada Republike Hrvatske.""*  
- Prema Ustavu RH (čl. 89.), predsjednik Vlade može biti imenovan vrhovnim zapovjednikom po odluci Sabora.  

Napomena: Ova informacija temelji se na zakonskim odredbama, a ne na trenutnoj političkoj praksi.",22.0,"Prema **Članku 100.** **Ustava Republike Hrvatske 2018**, vrhovni zapovjednik Oružanih snaga Republike Hrvatske je **Predsjednik Republike**. On imenuje i razrješuje vojne zapovjednike, a u slučaju neposredne ugroženosti neovisnosti, jedinstvenosti i opstojnosti države može, uz supotpis predsjednika Vlade, narediti uporabu oružanih snaga čak i ako nije proglašeno ratno stanje.  

Detaljnije, prema **Zakonu o obrani 2025**, **Članak 47.** dodatno definira ulogu Predsjednika Republike kao onoga tko ""naređuje uporabu i zapovijeda Oružanim snagama u ratnom stanju"".  

Izvor:  
- [Ustav Republike Hrvatske 2018](https://www.hins.hr/) – **Članak 100.**  
- [Zakon o obrani 2025](https://pravosudni.portal.hr/) – **Članak 45., 46., 47.**  

Napomena: Ova informacija temelji se isključivo na dostupnim ustavnim i zakonskim izvorima.",33.3,"Vrhovni zapovjednik Oružanih snaga Republike Hrvatske je Predsjednik Republike Hrvatske. Ova informacija proizlazi iz Ustava Republike Hrvatske iz 2018., Članak 100, koji navodi da ""Predsjednik Republike vrhovni je zapovjednik oružanih snaga Republike Hrvatske.",8.04,0.1414141414141414,0.9061093330383301,0.13846153846153844,0.9165432453155518,0.43478260869565216,0.9471015930175781,0.6852759122848511,0.6630541682243347,0.8152677416801453
24,jednostavna_pitanja,Koje su tri grane Oružanih snaga Republike Hrvatske?,"Tri grane Oružanih snaga Republike Hrvatske su: Hrvatska kopnena vojska, Hrvatska ratna mornarica i Hrvatsko ratno zrakoplovstvo.","Tri glavne grane Oružanih snaga Republike Hrvatske su:  

1. **Hrvatska kopnena vojska** (HRZ) – regulirana člankom 6. Zakona o obrani.  
2. **Hrvatska ratna mornarica** (HRM) – regulirana člankom 7. istog zakona.  
3. **Hrvatsko ratno zrakoplovstvo i protuzračna obrana** (HRZ i PZO) – regulirana člankom 8. Zakona o obrani.  

Sve tri grane zajedno čine jedinstveni sustav Oružanih snaga RH, a svaka ima svoje specifične zadaće i ustrojbene jedinice. Nadležno tijelo za upravljanje tim snagama je Ministarstvo obrane RH.",21.17,"Tri grane Oružanih snaga Republike Hrvatske su:  
1. **Hrvatska kopnena vojska**  
2. **Hrvatska ratna mornarica**  
3. **Hrvatsko ratno zrakoplovstvo**  

(Izvor: [Zakon o obrani 2025], Članak 43.",9.47,"Tri grane Oružanih snaga Republike Hrvatske su:

1. **Hrvatska kopnena vojska** (Clanak 41, Stavak 3)
2. **Hrvatska ratna mornarica** (Clanak 41, Stavak 3)
3.",11.24,0.3469387755102041,0.9366884231567383,0.7555555555555556,0.9569916725158691,0.6511627906976745,0.9391709566116333,0.7516279816627502,0.8223857879638672,0.7737262845039368
25,jednostavna_pitanja,Kada prestaje vojna obveza za muškarce?,Vojna obveza za muškarce prestaje na kraju kalendarske godine u kojoj navršavaju 55 godina života.,"Vojna obveza za muškarce u Republici Hrvatskoj prestaje nakon izvršene osnovne vojne službe ili alternativne službe (npr. civilne službe). Prema **Zakonu o službi u Oružanim snagama RH** (NN br. 97/06), trajanje osnovne vojne službe iznosi 6 mjeseci, a nakon toga osoba prelazi u pričuvu.  

Međutim, prema **Narodnoj odluci o vojnom obvezniku** (NN br. 81/06), pojedinci mogu biti pozvani na osposobljavanje tijekom godina koje su u pričuvnom statusu (npr. godišnje osposobljavanje traje do 10 dana). Vojno-redarstveni rok (priča) može se produžiti ovisno o potrebama države.  

Za točne podatke o pojedincu (npr. datum završetka služe) potrebno je konzultirati evidencije MORH-a ili Vojnog upisa.  

Napomena: Ova informacija temelji se na općem znanju o hrvatskom zakonu o vojnoj obvezi. Za specifične slučajeve preporučuje se provjera službenih izvora.",31.99,"Vojna obveza za muškarce prestaje prema članku 20. Zakona o obrani 2025.:  
- Na kraju kalendarske godine u kojoj navršavaju **55 godina** života.  
- Ako su ocijenjeni nesposobnima za vojnu službu.  
- Na temelju otpusta iz hrvatskog državljanstva.  

Iznimno, prema članku 20., vojna obveza prestaje za viših časnika i generale/admirale posljednjeg dana kalendarske godine u kojoj navršavaju **65 godina** života.  

Dakle, standardno razdoblje je do 55. rođendana, uz mogućnosti ranijeg prestanka navedenih u zakonu.",20.43,"Vojna obveza za muškarce prestaje prema **Zakonu o obrani** (Clanak 20):  
- Na kraju kalendarske godine u kojoj navršavaju **55 godina života**, ako su ocijenjeni nesposobnima za vojnu službu.  
- Posebno za **više časnike i generale/admirale**, vojna obveza prestaje posljednjeg dana kalendarske godine u kojoj navršavaju **65 godina života**.  

Dodatno, prema **Zakonu o službi u Oružanim snagama RH** (Clanak 210), vojni rok započinje u kalendarskoj godini u kojoj građanin navršava **18 godina života**.  

Napomena: Informacije su preuzete isključivo iz navedenih članaka zakona.",23.57,0.09523809523809523,0.8742029666900635,0.3505154639175258,0.9277423620223999,0.3119266055045872,0.9194368124008179,0.6586719751358032,0.761394202709198,0.7389218211174011
26,jednostavna_pitanja,Tko imenuje načelnika Glavnog stožera Oružanih snaga?,Načelnika Glavnog stožera Oružanih snaga imenuje Predsjednik Republike Hrvatske na prijedlog Vlade Republike Hrvatske i nakon pribavljenog mišljenja Odbora za obranu Hrvatskoga sabora.,"Načelnika Glavnog stožera Oružanih snaga Republike Hrvatske imenuje Vlada Republike Hrvatske na prijedlog ministra obrane.  

**Temeljno pravo:**  
- **Zakon o obrani (Narodne novine broj 97/02)** – Članak 68.  
- **Zakon o službi u Oružanim snagama RH (NN br. 109/02)** – Ne sadrži izravnu odredbu o imenovanju načelnika GS OSRH, ali se odnosi na hijerarhiju zapovjedništva.  

Napomena: Prema Ustavu RH (NN br. 1/90), Vlada ima ovlast predlaganja kandidata za visoke vojne dužnosti nakon savjetovanja s relevantnim odborom Sabora.",21.31,"Načelnik Glavnog stožera Oružanih snaga imenuje se na razdoblje od četiri godine i ne može biti ponovno imenovan. Prema članku 4. Zakona o obrani 2025., načelnik Glavnog stožera imenuje se na prijedlog Vlade Republike Hrvatske i nakon pribavljenog mišljenja Odbora za obranu Hrvatskoga sabora. Dakle, konačno imenovanje obavlja Predsjednik Republike Hrvatske na temelju prijedloga Vlade Republike Hrvatske i mišljenja Odbora za obranu Hrvatskoga sabora.",13.41,"Načelnik Glavnog stožera Oružanih snaga imenuje se na razdoblje od četiri godine i ne može biti ponovno imenovan. Načelnik Glavnog stožera imenuje se na razdoblje od četiri godine i ne može biti ponovno imenovan.  

**Izvor:** [Zakon o obrani 2025, Članak 4](https://www.narodne-novine.",12.39,0.2857142857142857,0.9145141839981079,0.46,0.9518405795097351,0.25316455696202533,0.8952503204345703,0.7282577753067017,0.8478874564170837,0.6714324355125427
27,jednostavna_pitanja,Koliko traje mandat načelnika Glavnog stožera?,Načelnik Glavnog stožera imenuje se na razdoblje od četiri godine i bez mogućnosti reizbora.,"Mandat načelnika Glavnog stožera Oružanih snaga Republike Hrvatske traje **4 godine** (članak 70. Zakona o obrani).  

Napomena: Ova informacija temelji se na Zakonu o obrani (Narodne novine 89/06) i ne zahtijeva dodatnu potvrdu iz konteksta pitanja.",9.65,"Mandant načelnika Glavnog stožera traje **4 godine**, kako je navedeno u **Članku 15. stavku 4.** Zakona o obrani 2025:  
*""Načelnik Glavnog stožera imenuje se na razdoblje od četiri godine i ne može biti ponovno imenovan.""*  

Napomena: Ova informacija temelji se isključivo na dostupnom kontekstu.",11.52,"Mandat načelnika Glavnog stožera traje **4 godine**.  

Izvor: [Zakon o obrani 2025, Članak 14](https://www.zakonyprolidi.",7.8,0.2456140350877193,0.8867114186286926,0.3880597014925373,0.9039901494979858,0.27777777777777773,0.8997948169708252,0.6975243091583252,0.7478718757629395,0.6759990453720093
28,jednostavna_pitanja,Što je temeljna svrha obrane Republike Hrvatske?,"Temeljna svrha obrane je očuvanje suvereniteta, neovisnosti i teritorijalne cjelovitosti Republike Hrvatske.","Temeljna svrha obrane Republike Hrvatske definirana je u **Zakonu o obrani** (Narodne novine br. 76/05). Prema članku 1., svrha obrane jest ""zaštita suvereniteta, teritorijalne cjelovitosti i političke neovisnosti Republike Hrvatske te očuvanje mira i stabilnosti"".  

Dodatno, prema članku 2. istog zakona, obrana uključuje i zaštitu građana, imovine i ključnih infrastrukturnih objekata od vanjskih i unutarnjih prijetnji. Nadležno tijelo za provedbu ove politike je **Ministarstvo obrane RH**.  

Napomena: ova informacija temelji se isključivo na Zakonu o obrani.",19.8,"Temeljna svrha obrane Republike Hrvatske jest očuvanje suvereniteta, neovisnosti i teritorijalne cjelovitosti Republike Hrvatske. Ova svrha je definirana u **Članku 2. stavku 1.** **Zakona o obrani 2025.**  

Napomena: ako postoji dodatni kontekst koji treba uzeti u obzir, molimo pošalji ga.",11.17,"Temeljna svrha obrane Republike Hrvatske jest osigurati suverenitet, neovisnost i teritorijalnu cjelovitost zemlje, kao i zaštitu građana i njihovog života, slobode i imovine. Ova svrha je definirana u članku 3. Zakona o obrani, gdje se navodi da obrana uključuje pripremu, uporabu i korištenje snaga i sredstava u ratnom stanju, stanju neposredne ugroženosti neovisnosti, jedinstvenosti i opstojnosti Republike Hrvatske i miru.",14.9,0.20202020202020202,0.9193172454833984,0.43636363636363634,0.9222811460494995,0.23076923076923078,0.9464876651763916,0.728477418422699,0.785810112953186,0.7680402994155884
29,jednostavna_pitanja,Do koje dobi novak može biti upućen na temeljno vojno osposobljavanje?,Novak može biti upućen na temeljno vojno osposobljavanje do isteka 30 godina života.,"Prema **Zakonu o službi u Oružanim snagama Republike Hrvatske** (Narodne novine br. 97/06), članku 8., novaci mogu biti upućeni na temeljno vojno osposobljavanje do navršene 30. godine života. Međutim, postoje iznimke za pripadnike pričuve ili dragovoljce koji se regrutiraju nakon te dobne granice.  

Nadležno tijelo za provedbu ovog postupka je **Ministarstvo obrane RH** putem ustanova poput **Kralješnice vojne škole ""Ban Josip Jelačić""**.  

Napomena: Informacija temelji se na važećem zakonu, a dodatne pojedinosti o izuzecima mogu se utvrditi kod nadležnog vojnog centra.",21.59,"Novak može biti upućen na temeljno vojno osposobljavanje do isteka 30 godina života.  
**Povjerenje:**  
- **Članak 21. stavak 3.** Zakona o obrani (NN 136/25):  
  *""Iznimno od stavka 1., na temeljno vojno osposobljavanje upućuju se i novaci stariji od 19 godina, a najkasnije do isteka 30 godina života...""*  
- **Članak 21. stavak 4.** istog Zakona:  
  *""...Na temeljno vojno osposobljavanje mogu se uputiti i novaci koji se dragovoljno prijave... do isteka 30 godina života.""*  
- **Članak 21. stavak 1.**:  
  *""Novaka se upućuje na temeljno vojno osposobljavanje u kalendarskoj godini u kojoj navršava 19 godina...""*  

Iz navedenih članaka proizlazi da je maksimalna dob za obvezno upućivanje na temeljno vojno osposobljavanje 30 godina. Starije osobe mogu pristupiti dragovoljno (npr. kao dragovoljci), ali to nije obavezno.",36.06,"Novak može biti upućen na temeljno vojno osposobljavanje do navršenih **29 godina** starosti. Ova granica je definirana u članku 24.k Zakona o obrani 2025. godine.  

Ako postoji dodatni kontekst ili pitanja vezana uz ovu temu, slobodno pitajte!",10.18,0.1651376146788991,0.8914097547531128,0.21428571428571425,0.9182839393615723,0.4285714285714285,0.9318290948867798,0.7100948095321655,0.6797110438346863,0.7610095739364624
30,jednostavna_pitanja,Tko donosi odluku o mobilizaciji Oružanih snaga?,Odluku o mobilizaciji Oružanih snaga donosi Predsjednik Republike na prijedlog ministra obrane.,"Prema **Zakonu o obrani** (Narodne novine br. 97/02., 86/04., 133/06., 149/08., 132/10., 149/10., 132/11., 149/11., 132/12., 149/12., 132/13., 149/13., 132/14., 149/14., 132/15., 149/15., 132/16., 149/16.) i **Zakonu o službi u Oružanim snagama RH** (NN br. 132/11.), odluku o mobilizaciji donosi **Vlada Republike Hrvatske**.  

Specifični članci:  
- Članak 10. Zakona o obrani definira ovlasti Vlade u području obrane.  
- Pravilnik o provedbi Zakona o službi u OSRH (NN br. 149/11.) dodatno regulira postupke mobilizacije.  

Napomena: Ova informacija temelji se na važećim zakonskim aktima.",36.03,"Prema **Zakonu o obrani** (Članak 46., stavak 1.), odluku o uporabi Oružanih snaga donose sljedeća tijela:  
- Hrvatski sabor  
- Predsjednik Republike  
- Predsjednik Vlade  
- Ministar obrane  

Ako se radi o mobilizaciji (aktivaciji pričuvnika), prema istom članku (stavak 3.) i **Zakonu o obrani** (Članak 67.), odluka se provodi preko **zapovijedi načelnika Glavnog stožera**.  

Dakle, formalno donošenje odluke o mobilizaciji uključuje koordinaciju između navedenih tijela, a provedba se vrši vojnim vodstvom.  

*Napomena: Ova informacija temelji se isključivo na dostupnim člancima Zakona o obrani.",22.37,"Odluku o mobilizaciji Oružanih snaga donosi **Vlada** ili **ministar obrane** u skladu s odredbama Zakona o obrani.  

Izvor: [Zakon o obrani 2025, Članak 74.](https://www.novo-zakonodavstvo.",10.35,0.09999999999999999,0.8868600130081177,0.1568627450980392,0.9031702280044556,0.380952380952381,0.9189415574073792,0.6068371534347534,0.6978791952133179,0.7457892298698425
31,jednostavna_pitanja,Kada prestaje vojna obveza za žene?,Vojna obveza za žene prestaje na kraju kalendarske godine u kojoj navršavaju 50 godina života.,"Žene u Republici Hrvatskoj imaju pravo na odbijanje vojne službe zbog vjerskih ili uvjerenja, prema članku **6. stavak 1.** Zakona o vojnoj obvezi (Narodne novine br. 97/08). Međutim, ako se ženska osoba odluči prijaviti za vojnu službu, njezina vojna obveza traje dok joj to dopušta zdravstveno stanje i zakonski rok.  

Za razliku od muškaraca, koji su dužni odslužiti vojni rok do određene dobi (obično do 30 godina), žene mogu biti pozvane na služenje samo ako se prijave. Prema članku **10.** istog zakona, rok služenja za žene može varirati ovisno o potrebama vojske.  

Napomena: Ova informacija nije pronađena u dostupnim dokumentima.",22.72,"Vojna obveza žena prestaje prema članku 20. Zakona o obrani 2025:  
- na kraju kalendarske godine u kojoj navršavaju **50 godina** života;  
- ako su ocijenjene nesposobnima za vojnu službu;  
- na temelju otpusta iz hrvatskog državljanstva.  

Iznimno, prema članku 20., vojna obveza može prestati i nakon 65. rođendana za višije časnike i generale/admirale.  

Dodatno, prema članku 21. točke *u*, žene se mogu prijaviti na temeljno vojno osposobljavanje do 30. godine života, što može produžiti njihovu uključenost u sustav.  

Izvor: [Zakon o obrani 2025](https://pravilnik.hr/zakoni/zbirka-zakona/broj-1362025), članci 20. (*1*) i 21. (*u*).",29.24,"Prema Zakonu o obrani 2025., vojna obveza za žene prestaje kada navrše **50 godina** života.  

Izvor: [Zakon o obrani 2025, Članak 20](https://www.nacionalno-sigurnosno-pravodavno-informaciono-podrstavanje.hr/documents/zakon_o_obrani_2025.pdf), stavak (1).",13.64,0.0916030534351145,0.8742014169692993,0.22950819672131148,0.9125399589538574,0.32727272727272727,0.9314876794815063,0.6417040228843689,0.7133553624153137,0.667470395565033
32,jednostavna_pitanja,U kojoj godini života se državljanin RH uvodi u vojnu evidenciju?,Državljanin Republike Hrvatske uvodi se u vojnu evidenciju u kalendarskoj godini kada navrši 18 godina života.,"Glede pitanja o godini života u kojoj se građanin RH upisuje u vojnu evidenciju, valja napomenuti da se to obično događa nakon navršenog 18. godine života. Međutim, detaljnije odredbe o tome nalaze se u Zakonu o obveznim vojnim vježbama (NN br. 9/07) te Pravilniku o provedbi Zakona o obveznim vojnim vježbama (NN br. 6/08).  

Prema članku 1. stavku 1. Pravilnika, osobe koje su obvezne na vojne vježbe moraju biti stare između 18 i 30 godina u trenutku početka vježbi. Dakle, u vojnu evidenciju građani RH ulaze najranije s navršenih 18 godina, ali aktivno sudjelovanje započinje po završetku školovanja ili kad ih nadležno tijelo pozove na vojne vježbe.  

Za dodatne informacije preporučujem kontaktiranje Hrvatskog ratnog doma ili nadležnog županijskog inspektorata za obavezne vojne vježbe.",29.26,"Državljanin Republike Hrvatske uvodi se u vojnu evidenciju u kalendarskoj godini kada navrši **18 godina** života.  

Izvor: [Zakon o obrani 2025], Članak 21. b (NN 136/25), stavak (1).",8.93,"Građanin Republike Hrvatske uvodi se u vojnu evidenciju u kalendarskoj godini u kojoj navršava **18 godina** života.  

Izvor: [Zakon o obrani 2025, Članak 19](https://www.narodnonovine.",10.1,0.09815950920245398,0.9144275188446045,0.7346938775510204,0.9432993531227112,0.5957446808510638,0.9412384033203125,0.6588100790977478,0.828656792640686,0.793989896774292
33,jednostavna_pitanja,Tko proglašava ratno stanje u Republici Hrvatskoj?,Ratno stanje u Republici Hrvatskoj proglašava Hrvatski sabor.,"Predsjednik Republike Hrvatske proglašava ratno stanje u Republici Hrvatskoj sukladno članku **98.** Ustava Republike Hrvatske.  

Napomena: Ova informacija temelji se na ustavnom pravu, a dodatne procedure i ovlasti utvrđene su posebnim zakonskim aktima (npr. Zakonom o obrani).",8.93,"**Proglasit** **ratno stanje** u Republici Hrvatskoj **može** samo **Hrvatski sabor**, u skladu s člankom 100. Ustava Republike Hrvatske.  

*Napomena: Ova informacija nije pronađena u dostupnim dokumentima.",7.41,"Ratno stanje u Republici Hrvatskoj proglašava Hrvatski sabor. Međutim, prema Ustavu Republike Hrvatske (Članak 100), u slučaju neposredne ugroženosti neovisnosti, jedinstvenosti i opstojnosti države, Predsjednik Republike može, uz supotpis predsjednika Vlade, narediti uporabu oružanih snaga iako nije proglašeno ratno stanje.",9.98,0.20833333333333334,0.8943568468093872,0.3783783783783784,0.9024391174316406,0.3157894736842105,0.9022613763809204,0.7105569243431091,0.6557187438011169,0.750274121761322
34,jednostavna_pitanja,Koliko dana prije upućivanja ministar obrane donosi odluku o upućivanju kandidata na temeljno vojno osposobljavanje?,Ministar obrane donosi odluku o upućivanju kandidata na temeljno vojno osposobljavanje u pravilu 40 dana prije upućivanja kandidata.,"Napomena: ova informacija nije pronađena u dostupnim dokumentima.  
Prema općem znanju, odluka ministra obrane o upućivanju kandidata na temeljno vojno osposobljavanje obično se donosi najkasnije **7 dana** prije početka osposobljavanja, kako bi se omogućio adekvatan vremenski rok za pripreme i obavještavanje kandidata.  
Detaljnije odredbe mogu se naći u Pravilniku o provedbi Zakona o službi u Oružanim snagama RH (npr. članak 60.).",15.95,"Ministar obrane donosi odluku o upućivanju kandidata na temeljno vojno osposobljavanje najkasnije **25 dana** prije upućivanja.  

Izvor: [Pravilnik o temeljnom vojnom osposobljavanju], Članak 20., Stavak 2.",8.83,Ministar obrane donosi odluku o upućivanju kandidata na temeljno vojno osposobljavanje najkasnije 25 dana prije datuma upućivanja. Ova informacija temelji se na članku 20. Pravilnika o temeljnom vojnom osposobljavanju.,8.75,0.26373626373626374,0.9375807046890259,0.6666666666666666,0.9360586404800415,0.6274509803921569,0.967004656791687,0.7405970692634583,0.8226853609085083,0.8603159189224243
35,jednostavna_pitanja,Tko donosi program obuke ročnika na temeljnom vojnom osposobljavanju?,Program obuke ročnika na temeljnom vojnom osposobljavanju donosi načelnik Glavnog stožera Oružanih snaga Republike Hrvatske.,"Program obuke ročnika na temeljnom vojnom osposobljavanju donosi Ministarstvo obrane Republike Hrvatske, a točnije Glavno zapovjedništvo Oružanih snaga RH (GZ OSRH) kroz svoje ustrojbene jedinice, kao što su Vojne škole i ustanove zadužene za obuku.  

Osnovu programa definiraju propisi poput **Zakona o službi u Oružanim snagama RH** (čl. 67.) te **Pravilnika o provedbi temeljnog vojnog osposobljavanja**. Nadležno tijelo za usklađivanje i provođenje programa je **Glavno stožerno vojno učilište ""Blago Zadro""**.  

Napomena: Ova informacija temelji se na općem znanju o strukturi OSRH, a detaljniji dokumenti mogu biti dostupni samo putem službenih izvora.",24.62,"Program obuke ročnika na temeljnom vojnom osposobljavanju donosi načelnik Glavnog stožera Oružanih snaga Republike Hrvatske.  
(Izvor: [2] [Pravilnik o temeljnom vojnom osposobljavanju], Članak 9.",7.9,"Program obuke ročnika na temeljnom vojnom osposobljavanju donosi **načelnik Glavnog stožera Oružanih snaga Republike Hrvatske**, prema članku 2. Pravilnika o temeljnom vojnom osposobljavanju.  

Napomena: Ova informacija temelji se na članku 2. navedenog pravilnika.",9.97,0.192,0.9305987358093262,0.8085106382978724,0.9768391847610474,0.6785714285714285,0.9610044956207275,0.752129316329956,0.8692657947540283,0.83492112159729
36,jednostavna_pitanja,Pred kim ročnici daju svečanu prisegu?,Ročnici daju svečanu prisegu pred ministrom obrane ili osobom koju on za to odredi.,"Ročnici (vojnici) u Hrvatskoj Oružanim snagama daju svečanu prisegu pred zapovjednikom postrojbe ili ustrojbene jedinice u kojoj služe. Prema **Zakonu o službi u Oružanim snagama RH** (čl. 60.), svečana prisega sastoji se od riječi:  
*""Svećano obećavam da ću vjerno služiti Republici Hrvatskoj, poštovati Ustav i zakone te čuvati čast oružanih snaga.""*  

Nadležno tijelo za provođenje ceremonije je zapovjednik postrojbe, a prisega se ponavlja svake godine tijekom vojne službe.",17.65,Ročnici daju svečanu prisegu pred ministrom obrane ili osobom koju on za to odredi.,4.02,Ročnici daju svečanu prisegu pred ministrom obrane ili osobom koju on za to odredi.,3.19,0.18,0.872374951839447,1.0,1.0,1.0,1.0,0.7037473917007446,0.9999998807907104,0.9999998807907104
37,jednostavna_pitanja,Za koju vojnostručnu specijalnost se ročnici osposobljavaju na temeljnom vojnom osposobljavanju?,"Ročnici se osposobljavaju u temeljnim vojnim znanjima i sposobnostima u rodu pješaštva za streljačku specijalnost 11A, dužnost strijelca.","Na temeljnom vojnom osposobljavanju (TvOS) ročnici se osposobljavaju za osnovne vojnosnurajne specijalnosti kao što su:  
- **Mehanizirana pješačka postrojba** (mehanizirane bojne),  
- **Raketno-topničke postrojbe** (raketne i topničke jedinice),  
- **Zrakoplovne postrojbe** (zrakoplovi i helikopteri),  
- **Graničarske postrojbe** (granične jedinice).  

Ovisno o potrebama OSRH, mogu se uključiti i druge specijalnosti poput inženjerije ili komunikacija. Osnovu čini članak **6. Zakona o službi u Oružanim snagama RH** koji definiše vojne stručne poslove.  

Napomena: Ova informacija temelji se na općem znanju o TvOS-u, a točan popis može varirati prema godišnjim planovima OSRH.",27.79,"Ročnici se na temeljnom vojnom osposobljavanju osposobljavaju za vojnostručnu specijalnost **strijalac** (11A), dužnost strijelca, prema zadatcima i standardima definiranima u programu obuke ročnika na temeljnom vojnom osposobljavanju.  

Izvor: [Pravilnik o temeljnom vojnom osposobljavanju], Članak 9. (1).",12.82,"Na temeljnom vojnom osposobljavanju, ročnici se osposobljavaju za vojnostručnu specijalnost ""strijelac"" (specijalnost 11A), prema zadatcima i standardima definiranima u programu obuke ročnika.",7.55,0.11111111111111112,0.8776939511299133,0.3174603174603175,0.9390895366668701,0.2916666666666667,0.9561371803283691,0.6613742709159851,0.7396557331085205,0.7852631211280823
38,jednostavna_pitanja,Što čini mirnodopski sastav Oružanih snaga?,"Mirnodopski sastav Oružanih snaga čine: djelatne vojne osobe, službenici i namještenici, pričuvnici pozvani na službu u Oružane snage, ugovorni pričuvnici, kadeti te ročnici koji su pristupili temeljnom vojnom osposobljavanju.","Mirnodopski sastav Oružanih snaga Republike Hrvatske (OSRH) čini osoblje koje se bavi svakodnevnim aktivnostima i zadaćama izvan stanja rata ili neposredne opasnosti od rata. Ovaj sastav uključuje:  

1. **Redovni kadar** – Vojnici, dočasnici i časnici koji su stalno zaposleni u OSRH. Njihove aktivnosti uključuju obuku, održavanje opreme, planiranje i provođenje redovnih vježbi te sudjelovanje u međunarodnim misijama.  
2. **Reservisti** – Osobe s vojnom osnovom koje se regrutiraju tijekom kriza ili posebnih potreba.  
3. **Civilno osoblje** – Građevinari, tehničari, administrativni radnici i drugi civili koji podržavaju funkcije OSRH.  

Nadležno tijelo za organizaciju i upravljanje mirnodopskim sastavom je **Ministarstvo obrane RH**, a detalji su regulirani člancima **Zakona o obrani** (npr. članci 6., 7.) i **Pravilnika o ustroju OSRH**.  

Napomena: Ova informacija temelji se na općem znanju o strukturi OSRH, a točni brojčani podaci mogu varirati ovisno o trenutnoj reorganizaciji.",36.1,"Mirnodopski sastav Oružanih snaga čini:  
- **djelatne vojne osobe**,  
- **državni službenici i namještenici** raspoređeni u Oružane snage,  
- **pričuvnici pozvani na obuku**,  
- **ugovorni pričuvnici**,  
- **kadeti**, kao i  
- **osobe koje su pristupile temeljnom vojnom osposobljavanju**.  

Izvor: [Zakon o obrani 2025], Članak 43., Stavak 2. (NN 136/25).",18.1,"Mirnodopski sastav Oružanih snaga čini:  
- **Djelatne vojne osobe** – profesionalni časnici i dočasnici.  
- **Službenici i namještenici** – civilni zaposlenici u vojsci.  
- **Pričuvnici pozvani na obuku** – obveznik koji prolazi redovitu obuku.  
- **Ugovorni pričuvnici** – dobrovoljno regrutirani civili s vojnim ugovorom.  
- **Kadeti** – polaznici vojne škole.  
- **Ročnici** – građani koji su završili temeljno vojno osposobljavanje.  

Izvor: [Zakon o obrani 2025, Članak 43](https://www.zakonyproljudi.",23.7,0.10695187165775401,0.9015473127365112,0.5617977528089887,0.9411383867263794,0.4807692307692308,0.9300550222396851,0.6752451062202454,0.8176531791687012,0.7617944478988647
39,jednostavna_pitanja,Tko utvrđuje mirnodopski i ratni ustroj Oružanih snaga?,Predsjednik Republike utvrđuje mirnodopski i ratni ustroj Oružanih snaga te strukturu činova u mirnodopskom i ratnom ustroju Oružanih snaga.,"Mirnodopski i ratni ustroj Oružanih snaga Republike Hrvatske utvrđuje Vlada Republike Hrvatske.  

Osnovu za to daje **Zakon o obrani** (Narodne novine, broj 76/02 i izmjene), a konkretno se odnosi na članak **8.**  

Napomena: Ova informacija temelji se na hrvatskom zakonu, a ne na dostupnom kontekstu pitanja.",11.33,"Prema članku 4. Zakona o obrani (NN 136/25), **mirnodopski i ratni ustroj Oružanih snaga** utvrđuje **Predsjednik Republike**.  

Detaljnije, prema članku 44. istog Zakona, Predsjednik Republike ima ovlast da ""utvrdi mirnodopski i ratni ustroj Oružanih snaga te strukturu činova u mirnodopskom i ratnom ustroju Oružanih snaga"".  

Izvor: *Zakon o obrani 2025* (članci 43., 44.) – vidi priložene dokumente.",18.01,"Mirnodopski i ratni ustroj Oružanih snaga utvrđuje Predsjednik Republike Hrvatske. Ova informacija proizlazi iz **Članka 45.** Zakona o obrani 2025., gdje je navedeno da Predsjednik Republike utvrđuje mirnodopski i ratni ustroj Oružanih snaga te strukturu činova u mirnodopskom i ratnom ustroju Oružanih snaga.  

Napomena: ova informacija nije pronađena u dostupnim dokumentima.",12.96,0.22535211267605632,0.8974545001983643,0.4761904761904761,0.9346253871917725,0.5569620253164557,0.92857825756073,0.706199586391449,0.786564290523529,0.8160602450370789
40,jednostavna_pitanja,Koliko traje minimalno godišnji odmor djelatne vojne osobe?,Djelatna vojna osoba ima pravo na godišnji odmor u trajanju od najmanje četiri tjedna.,"Minimalno trajanje godišnjeg odmora djelatne vojne osobe određeno je člankom **80.** Zakona o službi u Oružanim snagama RH (Narodne novine br. 97/16). Prema tom članku, djelatna vojna osoba ima pravo na godišnji odmor u trajanju od najmanje **20 radnih dana** po kalendarskoj godini.  

Dodatne pojedinosti o ostvarivanju prava na godišnji odmor regulirane su Pravilnikom o ostvarivanju prava na godišnji odmor djelatnika MORH-a (NN br. 112/16), koji detaljnije definira uvjete i rokove za isplatu naknade za godišnji odmor.  

Napomena: ako se radi o vojnim osobama u pričuvnom sastavu ili pričuvnicima, pravo na godišnji odmor može biti drugačije uređeno ovisno o statusu i vrsti posla.",26.18,"Minimalno trajanje godišnjeg odmora djelatne vojne osobe iznosi **četiri tjedna** (20 radnih dana), kako je definirano u **Članku 156. stavku 1.** Zakona o službi u Oružanim snagama Republike Hrvatske 2025.  

Iznimno, ako se radi o osobi koja se prvi put zapošljava ili ima prekid duži od osam dana između dvaju zaposlenja, pravo na godišnji odmor stječe nakon šest mjeseci neprekidne službe (vidi **Članak 156. stavak 5.**).  

Za dodatne informacije o povećanju trajanja godišnjeg odmora prema posebnim kriterijima pogledajte **Članak 156. stavak 2.** istog zakona.",22.32,"Minimalno trajanje godišnjeg odmora djelatne vojne osobe iznosi **četiri tjedna** (16 radnih dana), kako je definirano u **Članku 156. stavku 1.** Zakona o službi u Oružanim snagama Republike Hrvatske 2025.  

Iako se u istom članku dopušta povećanje trajanja odmora prema određenim kriterijima (npr. radni staž, dužnost, zdravlje), minimalna granica ostaje nepromijenjena.",14.66,0.1925925925925926,0.910946249961853,0.1090909090909091,0.9157515168190002,0.0821917808219178,0.918292224407196,0.7062862515449524,0.675790011882782,0.685473620891571
41,jednostavna_pitanja,Koliko dana plaćenog dopusta pripada djelatnoj vojnoj osobi u slučaju rođenja djeteta?,Djelatna vojna osoba ima pravo na plaćeni dopust od sedam radnih dana u slučaju rođenja djeteta.,"Djelatna vojna osoba ima pravo na **plaćeni roditeljski dopust** od **8 tjedana** nakon rođenja djeteta (članak 70. Pravilnika o ostvarivanju prava na roditeljski dopust).  

Ako se radi o aktivnom sudioniku u službi (npr. časniku), dodatno može imati pravo na dodatni dopust prema članku 69. istog Pravilnika. Nadležno tijelo za izdavanje potvrda je **Zapovjednik postrojbe** ili **HRM** ovisno o statusu osobe.  

Napomena: Informacije su preuzete iz Pravilnika o ostvarivanju prava na roditeljski dopust (NN 1/2019) koji se primjenjuje i na vojne osobe.",21.49,"Djelatna vojna osoba ima pravo na **sedam radnih dana** plaćenog dopusta u slučaju rođenja djeteta (Zakon o službi u Oružanim snagama Republike Hrvatske 2025, članak 159., stavak 1.).",7.54,"Djelatnoj vojnoj osobi u slučaju rođenja djeteta pripada **sedam radnih dana** plaćenog dopusta, kako je definirano u [Zakon o službi u Oružanim snagama Republike Hrvatske 2025, Članak 159](https://www.narodne-novine.hr/#_133086). Ovaj se broj dana odnosi na osnove poput rođenja djeteta, gdje je točno navedeno ""rođenja djeteta"" sa sedmodnevnim trajanjem.",14.68,0.24528301886792456,0.9176156520843506,0.5769230769230769,0.9510923624038696,0.2,0.9310484528541565,0.7221078276634216,0.8247424364089966,0.7291039228439331
42,jednostavna_pitanja,Koliko dana plaćenog dopusta pripada djelatnoj vojnoj osobi u slučaju zaključenja braka?,Djelatna vojna osoba ima pravo na plaćeni dopust od sedam radnih dana u slučaju zaključenja braka.,"Djelatna vojna osoba ima pravo na **7 dana** plaćenog dopusta u slučaju zaključenja braka, sukladno članku **80. stavku 1. točki a)** Pravilnika o ostvarivanju prava na godišnji odmor i druge oblike odmora u Oružanim snagama Republike Hrvatske (NN br. 9/16).  

Napomena: Ova informacija temelji se na važećim propisima koji reguliraju prava vojnog osoblja u Republici Hrvatskoj.",13.9,"Djelatnoj vojnoj osobi u slučaju zaključenja braka pripada **sedam radnih dana** plaćenog dopusta, prema članku 159. stavku (1) točki ""a"" Zakona o službi u Oružanim snagama Republike Hrvatske 2025.",8.4,"Djelatnoj vojnoj osobi u slučaju zaključenja braka pripada **sedam radnih dana** plaćenog dopusta, kako je definirano u **Članku 159.** Zakona o službi u Oružanim snagama Republike Hrvatske.  

Ako okolnost nastupi u vrijeme korištenja godišnjeg odmora, privremene nesposobnosti ili odsutnosti iz službe iz drugih razloga, pravo na plaćeni dopust se ne ostvaruje.",13.97,0.30952380952380953,0.9387233257293701,0.22222222222222224,0.9373987317085266,0.15189873417721522,0.9209349155426025,0.734539806842804,0.7597803473472595,0.7563201189041138
43,jednostavna_pitanja,Što je vojna iskaznica i tko ju izdaje?,Vojna iskaznica je javna isprava kojom vojni obveznik dokazuje identitet dok izvršava vojnu obvezu. Izdaje ju nadležni područni odjel za poslove obrane koji vojnog obveznika vodi u evidenciji.,"Vojna iskaznica (VI) je osobna iskaznica vojnog obveznika koja potvrđuje njegovo pravo na služenje vojne službe te sadrži podatke o obveznim vojnim rokovanjima i statusu u sustavu Oružanih snaga Republike Hrvatske.  

**Izdaje se od strane Ministarstva obrane RH** putem nadležnih jedinica, a to su:  
- **Zapovjedništva postrojbi** (npr. pješačke brigade, topničke brigade itd.)  
- **Regionalni centri za obuku i mobilizaciju**  
- **Središnja uprava MORH-a** (za posebne slučajeve)  

Iskaznica se izdaju nakon prijave na vojni rok ili u slučaju poziva na osposobljavanje/mobilizaciju. Za dodatne informacije pogledajte **Zakon o službi u Oružanim snagama RH (čl. 8–9)** i Pravilnik o vojnoj iskaznici (NN br. 107/20 od 2020.).",29.23,"Vojna iskaznica je javna isprava kojom vojni obveznik dokazuje identitet dok izvršava vojnu obvezu.  
**Izdaje je:**  
- **Nadležni područni odjel za poslove obrane** (stavak 3. Čl. 25. ZOO 2025),  
ili **postrojba Oružanih snaga razine samostalne bojne, njoj ravne ili više razine** (stavak 4. Čl. 25. ZOO 2025).  

Izvori:  
- [Zakon o obrani 2025], Članak 25. (https://www.nacionalnadrzavaprava.",20.56,"Vojna iskaznica je identifikacijski dokument koji dokazuje pripadnost Oružanim snagama Republike Hrvatske. Izdaje se vojnim osobama, službenicima i namještenicima u skladu sa Zakonom o obrani (članak 24). Ministar obrane propisuje oblik i sadržaj ove iskaznice pravilnikom. Ročnicima i pričuvnicima također se izdaje vojna iskaznica, ali prema posebnim propisima.",12.28,0.09271523178807947,0.9095953702926636,0.5217391304347826,0.9261693358421326,0.13953488372093023,0.9421892166137695,0.6814890503883362,0.7437214255332947,0.6980361938476562
